env_id,method,seed,step,fitness
LunarLanderContinuous-v3,ppo,1234,25000,-154.37692889092372
LunarLanderContinuous-v3,ppo,1234,50000,-211.9802389199662
LunarLanderContinuous-v3,ppo,1234,75000,-153.49869273357928
LunarLanderContinuous-v3,ppo,1234,100000,-189.7304368633849
LunarLanderContinuous-v3,ppo,1234,125000,66.01177991554076
LunarLanderContinuous-v3,ppo,1234,150000,109.20875460953798
LunarLanderContinuous-v3,ppo,1234,175000,8.117827184758102
LunarLanderContinuous-v3,ppo,1234,200000,93.78857970346344
LunarLanderContinuous-v3,ppo,1234,225000,213.89012256597954
LunarLanderContinuous-v3,ppo,1234,250000,134.42212333959088
LunarLanderContinuous-v3,ppo,1234,275000,122.05006303783189
LunarLanderContinuous-v3,ppo,1234,300000,44.379031815052464
LunarLanderContinuous-v3,ppo,1234,325000,72.87067223883346
LunarLanderContinuous-v3,ppo,1234,350000,88.75738274257665
LunarLanderContinuous-v3,ppo,1234,375000,113.10113990405311
LunarLanderContinuous-v3,ppo,1234,400000,160.5554660798276
LunarLanderContinuous-v3,ppo,1234,425000,90.11851786681316
LunarLanderContinuous-v3,ppo,1234,450000,143.0197609326531
LunarLanderContinuous-v3,ppo,1234,475000,105.61305185522579
LunarLanderContinuous-v3,ppo,1234,500000,129.1630038138955
LunarLanderContinuous-v3,ppo,1234,501760,122.6845744415793
LunarLanderContinuous-v3,es,1234,27677,-124.52744029831786
LunarLanderContinuous-v3,es,1234,51930,-156.50988404632477
LunarLanderContinuous-v3,es,1234,77483,-97.9582991253365
LunarLanderContinuous-v3,es,1234,101149,-106.20403817326023
LunarLanderContinuous-v3,es,1234,127183,-71.18465465682739
LunarLanderContinuous-v3,es,1234,151242,-55.23172154996071
LunarLanderContinuous-v3,es,1234,178373,-49.29511483927264
LunarLanderContinuous-v3,es,1234,202858,-19.14343124541847
LunarLanderContinuous-v3,es,1234,231995,-13.900739516901439
LunarLanderContinuous-v3,es,1234,254896,37.16977836928444
LunarLanderContinuous-v3,es,1234,277361,105.55627311203747
LunarLanderContinuous-v3,es,1234,305741,223.1039507018856
LunarLanderContinuous-v3,es,1234,335439,169.18934421333407
LunarLanderContinuous-v3,es,1234,353555,205.2136865867214
LunarLanderContinuous-v3,es,1234,376087,213.62115107552864
LunarLanderContinuous-v3,es,1234,402255,229.60266414924791
LunarLanderContinuous-v3,es,1234,426279,253.40089850767544
LunarLanderContinuous-v3,es,1234,453530,248.7717471467331
LunarLanderContinuous-v3,es,1234,479598,269.2628146485972
LunarLanderContinuous-v3,es,1234,500203,269.7781436005931
LunarLanderContinuous-v3,es,1234,500203,269.7781436005931
LunarLanderContinuous-v3,cmaes,1234,28171,-177.77218857588366
LunarLanderContinuous-v3,cmaes,1234,52771,-89.12378984912012
LunarLanderContinuous-v3,cmaes,1234,76599,-73.53976651187011
LunarLanderContinuous-v3,cmaes,1234,100772,-43.064477485914246
LunarLanderContinuous-v3,cmaes,1234,130482,-19.938549545049845
LunarLanderContinuous-v3,cmaes,1234,153889,-12.406439353258394
LunarLanderContinuous-v3,cmaes,1234,175168,29.651725090584467
LunarLanderContinuous-v3,cmaes,1234,204820,-83.18989111502975
LunarLanderContinuous-v3,cmaes,1234,225561,8.660529388418794
LunarLanderContinuous-v3,cmaes,1234,256730,234.08517081736017
LunarLanderContinuous-v3,cmaes,1234,277248,223.34685797831767
LunarLanderContinuous-v3,cmaes,1234,305447,239.19911993266092
LunarLanderContinuous-v3,cmaes,1234,332386,251.66803892905924
LunarLanderContinuous-v3,cmaes,1234,359879,249.12403742520286
LunarLanderContinuous-v3,cmaes,1234,375000,206.968856129048
LunarLanderContinuous-v3,cmaes,1234,402948,247.78158801867895
LunarLanderContinuous-v3,cmaes,1234,435875,260.8868396946659
LunarLanderContinuous-v3,cmaes,1234,464293,229.4632434885678
LunarLanderContinuous-v3,cmaes,1234,478837,243.5173449657747
LunarLanderContinuous-v3,cmaes,1234,500069,211.52014429865181
LunarLanderContinuous-v3,cmaes,1234,500069,211.52014429865181
LunarLanderContinuous-v3,neat,1234,5176,-133.94248876917223
LunarLanderContinuous-v3,neat,1234,11304,21.90868815185661
LunarLanderContinuous-v3,neat,1234,18393,21.90868815185661
LunarLanderContinuous-v3,neat,1234,24307,21.90868815185661
LunarLanderContinuous-v3,neat,1234,30985,23.07880842020576
LunarLanderContinuous-v3,neat,1234,38176,23.07880842020576
LunarLanderContinuous-v3,neat,1234,45014,32.39671477769957
LunarLanderContinuous-v3,neat,1234,51881,34.24688972157071
LunarLanderContinuous-v3,neat,1234,59368,34.24688972157071
LunarLanderContinuous-v3,neat,1234,66126,34.24688972157071
LunarLanderContinuous-v3,neat,1234,72952,34.24688972157071
LunarLanderContinuous-v3,neat,1234,79534,34.24688972157071
LunarLanderContinuous-v3,neat,1234,88141,34.24688972157071
LunarLanderContinuous-v3,neat,1234,97752,252.27823236649442
LunarLanderContinuous-v3,neat,1234,106570,252.27823236649442
LunarLanderContinuous-v3,neat,1234,113903,252.27823236649442
LunarLanderContinuous-v3,neat,1234,121691,252.27823236649442
LunarLanderContinuous-v3,neat,1234,129345,252.27823236649442
LunarLanderContinuous-v3,neat,1234,136053,252.27823236649442
LunarLanderContinuous-v3,neat,1234,144104,252.27823236649442
LunarLanderContinuous-v3,neat,1234,152930,252.27823236649442
LunarLanderContinuous-v3,neat,1234,161858,274.4605996499539
LunarLanderContinuous-v3,neat,1234,170975,274.4605996499539
LunarLanderContinuous-v3,neat,1234,178416,274.4605996499539
LunarLanderContinuous-v3,neat,1234,186620,274.4605996499539
LunarLanderContinuous-v3,neat,1234,196066,274.4605996499539
LunarLanderContinuous-v3,neat,1234,205617,274.4605996499539
LunarLanderContinuous-v3,neat,1234,214755,274.4605996499539
LunarLanderContinuous-v3,neat,1234,225035,274.4605996499539
LunarLanderContinuous-v3,neat,1234,234085,274.4605996499539
LunarLanderContinuous-v3,neat,1234,245371,274.4605996499539
LunarLanderContinuous-v3,neat,1234,257749,274.4605996499539
LunarLanderContinuous-v3,neat,1234,267290,274.4605996499539
LunarLanderContinuous-v3,neat,1234,278889,274.4605996499539
LunarLanderContinuous-v3,neat,1234,292517,274.4605996499539
LunarLanderContinuous-v3,neat,1234,306232,274.4605996499539
LunarLanderContinuous-v3,neat,1234,318639,274.4605996499539
LunarLanderContinuous-v3,neat,1234,331893,274.4605996499539
LunarLanderContinuous-v3,neat,1234,346445,274.4605996499539
LunarLanderContinuous-v3,neat,1234,363867,274.4605996499539
LunarLanderContinuous-v3,neat,1234,381101,274.4605996499539
LunarLanderContinuous-v3,neat,1234,395658,274.4605996499539
LunarLanderContinuous-v3,neat,1234,410198,274.4605996499539
LunarLanderContinuous-v3,neat,1234,425146,274.4605996499539
LunarLanderContinuous-v3,neat,1234,438708,275.4885446046885
LunarLanderContinuous-v3,neat,1234,452835,283.112485387918
LunarLanderContinuous-v3,neat,1234,467721,283.112485387918
LunarLanderContinuous-v3,neat,1234,486949,287.39746825218083
LunarLanderContinuous-v3,neat,1234,508578,287.39746825218083
LunarLanderContinuous-v3,ppo,1235,25000,-157.81785129403843
LunarLanderContinuous-v3,ppo,1235,50000,-114.75276658152787
LunarLanderContinuous-v3,ppo,1235,75000,-59.945845106681574
LunarLanderContinuous-v3,ppo,1235,100000,63.13224945923091
LunarLanderContinuous-v3,ppo,1235,125000,-39.38861441467612
LunarLanderContinuous-v3,ppo,1235,150000,-25.208596357305744
LunarLanderContinuous-v3,ppo,1235,175000,89.19409073403187
LunarLanderContinuous-v3,ppo,1235,200000,90.95054828138565
LunarLanderContinuous-v3,ppo,1235,225000,134.23007678316432
LunarLanderContinuous-v3,ppo,1235,250000,173.6812338016396
LunarLanderContinuous-v3,ppo,1235,275000,129.07423881574266
LunarLanderContinuous-v3,ppo,1235,300000,139.51023563920188
LunarLanderContinuous-v3,ppo,1235,325000,130.67050884518082
LunarLanderContinuous-v3,ppo,1235,350000,154.20506108818768
LunarLanderContinuous-v3,ppo,1235,375000,106.32215603080621
LunarLanderContinuous-v3,ppo,1235,400000,188.39240631384587
LunarLanderContinuous-v3,ppo,1235,425000,122.7658918111492
LunarLanderContinuous-v3,ppo,1235,450000,162.31980386511538
LunarLanderContinuous-v3,ppo,1235,475000,150.13035945852266
LunarLanderContinuous-v3,ppo,1235,500000,189.42019577564702
LunarLanderContinuous-v3,ppo,1235,501760,199.99260604868635
LunarLanderContinuous-v3,es,1235,27003,-148.75642831864812
LunarLanderContinuous-v3,es,1235,50952,-130.86971113839166
LunarLanderContinuous-v3,es,1235,76102,-92.4530810173279
LunarLanderContinuous-v3,es,1235,102400,-66.02953168291317
LunarLanderContinuous-v3,es,1235,126221,-44.501100533294014
LunarLanderContinuous-v3,es,1235,153005,2.49353815164651
LunarLanderContinuous-v3,es,1235,178867,45.43960174073863
LunarLanderContinuous-v3,es,1235,203637,73.97855292211497
LunarLanderContinuous-v3,es,1235,229103,84.70156668270246
LunarLanderContinuous-v3,es,1235,256931,118.45929768534094
LunarLanderContinuous-v3,es,1235,286157,105.7429723431029
LunarLanderContinuous-v3,es,1235,304883,132.65164616605566
LunarLanderContinuous-v3,es,1235,334939,211.90784782999881
LunarLanderContinuous-v3,es,1235,361693,200.37101717085724
LunarLanderContinuous-v3,es,1235,388064,229.948943089716
LunarLanderContinuous-v3,es,1235,410465,206.90813642543563
LunarLanderContinuous-v3,es,1235,431637,218.1588674686165
LunarLanderContinuous-v3,es,1235,455208,215.6896979780905
LunarLanderContinuous-v3,es,1235,480058,245.7044483131609
LunarLanderContinuous-v3,es,1235,500513,245.5298998154131
LunarLanderContinuous-v3,es,1235,500513,245.5298998154131
LunarLanderContinuous-v3,cmaes,1235,26798,-150.00815362361396
LunarLanderContinuous-v3,cmaes,1235,50413,-148.0217551273645
LunarLanderContinuous-v3,cmaes,1235,75411,-129.8674502458643
LunarLanderContinuous-v3,cmaes,1235,100321,-109.24536345921368
LunarLanderContinuous-v3,cmaes,1235,128028,-59.35893569905677
LunarLanderContinuous-v3,cmaes,1235,152257,-71.80870442605048
LunarLanderContinuous-v3,cmaes,1235,175233,-1.7938332067518037
LunarLanderContinuous-v3,cmaes,1235,206396,44.165521554485274
LunarLanderContinuous-v3,cmaes,1235,229849,27.01806174348195
LunarLanderContinuous-v3,cmaes,1235,251513,27.237999971053153
LunarLanderContinuous-v3,cmaes,1235,275091,68.9405550626839
LunarLanderContinuous-v3,cmaes,1235,309433,125.83370093858355
LunarLanderContinuous-v3,cmaes,1235,332972,117.21141332727932
LunarLanderContinuous-v3,cmaes,1235,351519,136.45514875203577
LunarLanderContinuous-v3,cmaes,1235,376101,183.28869747989432
LunarLanderContinuous-v3,cmaes,1235,410403,205.98278115272302
LunarLanderContinuous-v3,cmaes,1235,440365,193.63261664748183
LunarLanderContinuous-v3,cmaes,1235,450472,196.56579122535874
LunarLanderContinuous-v3,cmaes,1235,482486,223.35764098088134
LunarLanderContinuous-v3,cmaes,1235,500006,222.881013858888
LunarLanderContinuous-v3,cmaes,1235,500006,222.881013858888
LunarLanderContinuous-v3,neat,1235,4687,-99.72066512974
LunarLanderContinuous-v3,neat,1235,9239,-99.72066512974
LunarLanderContinuous-v3,neat,1235,13704,-55.31094033921454
LunarLanderContinuous-v3,neat,1235,17986,-15.09985778148156
LunarLanderContinuous-v3,neat,1235,22843,-0.9190881724135238
LunarLanderContinuous-v3,neat,1235,27223,-0.9190881724135238
LunarLanderContinuous-v3,neat,1235,32574,-0.9190881724135238
LunarLanderContinuous-v3,neat,1235,37827,39.28688365863616
LunarLanderContinuous-v3,neat,1235,43877,50.61271638736005
LunarLanderContinuous-v3,neat,1235,52109,62.74034630628808
LunarLanderContinuous-v3,neat,1235,59932,62.74034630628808
LunarLanderContinuous-v3,neat,1235,67174,278.8625416371154
LunarLanderContinuous-v3,neat,1235,78305,278.8625416371154
LunarLanderContinuous-v3,neat,1235,85348,278.8625416371154
LunarLanderContinuous-v3,neat,1235,91719,278.8625416371154
LunarLanderContinuous-v3,neat,1235,99247,278.8625416371154
LunarLanderContinuous-v3,neat,1235,107805,278.8625416371154
LunarLanderContinuous-v3,neat,1235,114373,278.8625416371154
LunarLanderContinuous-v3,neat,1235,121136,278.8625416371154
LunarLanderContinuous-v3,neat,1235,128996,278.8625416371154
LunarLanderContinuous-v3,neat,1235,134717,278.8625416371154
LunarLanderContinuous-v3,neat,1235,140563,278.8625416371154
LunarLanderContinuous-v3,neat,1235,146796,278.8625416371154
LunarLanderContinuous-v3,neat,1235,153287,278.8625416371154
LunarLanderContinuous-v3,neat,1235,160668,278.8625416371154
LunarLanderContinuous-v3,neat,1235,167034,278.8625416371154
LunarLanderContinuous-v3,neat,1235,173996,278.8625416371154
LunarLanderContinuous-v3,neat,1235,179477,278.8625416371154
LunarLanderContinuous-v3,neat,1235,185452,278.8625416371154
LunarLanderContinuous-v3,neat,1235,194142,278.8625416371154
LunarLanderContinuous-v3,neat,1235,200889,278.8625416371154
LunarLanderContinuous-v3,neat,1235,208020,278.8625416371154
LunarLanderContinuous-v3,neat,1235,216146,278.8625416371154
LunarLanderContinuous-v3,neat,1235,224871,278.8625416371154
LunarLanderContinuous-v3,neat,1235,232591,278.8625416371154
LunarLanderContinuous-v3,neat,1235,241892,278.8625416371154
LunarLanderContinuous-v3,neat,1235,252937,278.8625416371154
LunarLanderContinuous-v3,neat,1235,262319,278.8625416371154
LunarLanderContinuous-v3,neat,1235,272371,278.8625416371154
LunarLanderContinuous-v3,neat,1235,280767,278.8625416371154
LunarLanderContinuous-v3,neat,1235,291624,278.8625416371154
LunarLanderContinuous-v3,neat,1235,302556,278.8625416371154
LunarLanderContinuous-v3,neat,1235,312926,278.8625416371154
LunarLanderContinuous-v3,neat,1235,321365,278.8625416371154
LunarLanderContinuous-v3,neat,1235,331256,278.8625416371154
LunarLanderContinuous-v3,neat,1235,341340,278.8625416371154
LunarLanderContinuous-v3,neat,1235,358885,278.8625416371154
LunarLanderContinuous-v3,neat,1235,371018,278.8625416371154
LunarLanderContinuous-v3,neat,1235,383387,278.8625416371154
LunarLanderContinuous-v3,neat,1235,393164,278.8625416371154
LunarLanderContinuous-v3,neat,1235,406891,278.8625416371154
LunarLanderContinuous-v3,neat,1235,425855,278.8625416371154
LunarLanderContinuous-v3,neat,1235,442621,278.8625416371154
LunarLanderContinuous-v3,neat,1235,457171,278.8625416371154
LunarLanderContinuous-v3,neat,1235,467230,278.8625416371154
LunarLanderContinuous-v3,neat,1235,475856,278.8625416371154
LunarLanderContinuous-v3,neat,1235,486798,278.8625416371154
LunarLanderContinuous-v3,neat,1235,498013,278.8625416371154
LunarLanderContinuous-v3,neat,1235,508537,278.8625416371154
LunarLanderContinuous-v3,ppo,1236,25000,-90.89189016975791
LunarLanderContinuous-v3,ppo,1236,50000,-158.9206929707457
LunarLanderContinuous-v3,ppo,1236,75000,-64.34480353503322
LunarLanderContinuous-v3,ppo,1236,100000,-64.29719791408345
LunarLanderContinuous-v3,ppo,1236,125000,58.5837383838037
LunarLanderContinuous-v3,ppo,1236,150000,-4.966173473919929
LunarLanderContinuous-v3,ppo,1236,175000,102.67365668695516
LunarLanderContinuous-v3,ppo,1236,200000,76.05566563929393
LunarLanderContinuous-v3,ppo,1236,225000,102.40709352199364
LunarLanderContinuous-v3,ppo,1236,250000,155.86943206003554
LunarLanderContinuous-v3,ppo,1236,275000,171.1482007492321
LunarLanderContinuous-v3,ppo,1236,300000,163.3155404992291
LunarLanderContinuous-v3,ppo,1236,325000,142.00124152018267
LunarLanderContinuous-v3,ppo,1236,350000,130.89472752125872
LunarLanderContinuous-v3,ppo,1236,375000,149.42803707673215
LunarLanderContinuous-v3,ppo,1236,400000,130.02090525147605
LunarLanderContinuous-v3,ppo,1236,425000,171.7995693466008
LunarLanderContinuous-v3,ppo,1236,450000,170.5644194452041
LunarLanderContinuous-v3,ppo,1236,475000,168.20156800682042
LunarLanderContinuous-v3,ppo,1236,500000,123.13170018350029
LunarLanderContinuous-v3,ppo,1236,501760,115.35193096240349
LunarLanderContinuous-v3,es,1236,26189,-136.29703426552584
LunarLanderContinuous-v3,es,1236,52743,-143.02185474218084
LunarLanderContinuous-v3,es,1236,75976,-138.95227183281986
LunarLanderContinuous-v3,es,1236,101380,-84.05160528615308
LunarLanderContinuous-v3,es,1236,129842,-64.56155862176855
LunarLanderContinuous-v3,es,1236,151646,-47.49720489374973
LunarLanderContinuous-v3,es,1236,179865,-34.09971939997807
LunarLanderContinuous-v3,es,1236,203652,-39.02870970473508
LunarLanderContinuous-v3,es,1236,228411,-35.460642459558684
LunarLanderContinuous-v3,es,1236,254274,-40.11344596470151
LunarLanderContinuous-v3,es,1236,278545,-20.87555966897532
LunarLanderContinuous-v3,es,1236,302252,-11.482703207474286
LunarLanderContinuous-v3,es,1236,331832,13.688308409214368
LunarLanderContinuous-v3,es,1236,352143,74.07560119524446
LunarLanderContinuous-v3,es,1236,379165,78.55881702688541
LunarLanderContinuous-v3,es,1236,403422,79.31083948825923
LunarLanderContinuous-v3,es,1236,425406,114.9519944416382
LunarLanderContinuous-v3,es,1236,459032,207.42593624261403
LunarLanderContinuous-v3,es,1236,488602,212.34207028261568
LunarLanderContinuous-v3,es,1236,500106,197.42743879748224
LunarLanderContinuous-v3,es,1236,500106,197.42743879748224
LunarLanderContinuous-v3,cmaes,1236,26386,-130.4459475460324
LunarLanderContinuous-v3,cmaes,1236,50263,-105.65277272415801
LunarLanderContinuous-v3,cmaes,1236,76598,-93.19372099963728
LunarLanderContinuous-v3,cmaes,1236,103556,-9.422538329596952
LunarLanderContinuous-v3,cmaes,1236,126819,91.34243754502904
LunarLanderContinuous-v3,cmaes,1236,156759,79.59435766612641
LunarLanderContinuous-v3,cmaes,1236,181017,101.5831794604923
LunarLanderContinuous-v3,cmaes,1236,207560,180.61117158841336
LunarLanderContinuous-v3,cmaes,1236,225850,209.86748225297202
LunarLanderContinuous-v3,cmaes,1236,258188,184.03266501813624
LunarLanderContinuous-v3,cmaes,1236,277153,187.98549810876278
LunarLanderContinuous-v3,cmaes,1236,314429,215.254436479924
LunarLanderContinuous-v3,cmaes,1236,331001,202.7139603081774
LunarLanderContinuous-v3,cmaes,1236,353336,212.7486692366187
LunarLanderContinuous-v3,cmaes,1236,379388,215.93023352113127
LunarLanderContinuous-v3,cmaes,1236,405664,231.64360881438807
LunarLanderContinuous-v3,cmaes,1236,434495,241.56785606384506
LunarLanderContinuous-v3,cmaes,1236,462351,262.07628390874186
LunarLanderContinuous-v3,cmaes,1236,475322,272.14215894590666
LunarLanderContinuous-v3,cmaes,1236,500076,260.2820726773378
LunarLanderContinuous-v3,cmaes,1236,500076,260.2820726773378
LunarLanderContinuous-v3,neat,1236,4936,-218.5190284867001
LunarLanderContinuous-v3,neat,1236,9552,-60.589928354095676
LunarLanderContinuous-v3,neat,1236,14519,23.77614052532404
LunarLanderContinuous-v3,neat,1236,19070,23.77614052532404
LunarLanderContinuous-v3,neat,1236,24125,23.77614052532404
LunarLanderContinuous-v3,neat,1236,28904,23.77614052532404
LunarLanderContinuous-v3,neat,1236,34586,280.5796094184768
LunarLanderContinuous-v3,neat,1236,40077,280.5796094184768
LunarLanderContinuous-v3,neat,1236,45862,280.5796094184768
LunarLanderContinuous-v3,neat,1236,51183,280.5796094184768
LunarLanderContinuous-v3,neat,1236,56427,280.5796094184768
LunarLanderContinuous-v3,neat,1236,61694,280.5796094184768
LunarLanderContinuous-v3,neat,1236,66805,280.5796094184768
LunarLanderContinuous-v3,neat,1236,72440,280.5796094184768
LunarLanderContinuous-v3,neat,1236,77539,280.5796094184768
LunarLanderContinuous-v3,neat,1236,82400,280.5796094184768
LunarLanderContinuous-v3,neat,1236,87561,280.5796094184768
LunarLanderContinuous-v3,neat,1236,92778,280.5796094184768
LunarLanderContinuous-v3,neat,1236,98029,280.5796094184768
LunarLanderContinuous-v3,neat,1236,103113,280.5796094184768
LunarLanderContinuous-v3,neat,1236,108509,280.5796094184768
LunarLanderContinuous-v3,neat,1236,114207,280.5796094184768
LunarLanderContinuous-v3,neat,1236,119892,280.5796094184768
LunarLanderContinuous-v3,neat,1236,126323,280.5796094184768
LunarLanderContinuous-v3,neat,1236,132324,280.5796094184768
LunarLanderContinuous-v3,neat,1236,138060,280.5796094184768
LunarLanderContinuous-v3,neat,1236,144214,280.5796094184768
LunarLanderContinuous-v3,neat,1236,151715,280.5796094184768
LunarLanderContinuous-v3,neat,1236,157335,280.5796094184768
LunarLanderContinuous-v3,neat,1236,162341,280.5796094184768
LunarLanderContinuous-v3,neat,1236,168065,280.5796094184768
LunarLanderContinuous-v3,neat,1236,174011,280.5796094184768
LunarLanderContinuous-v3,neat,1236,181648,280.5796094184768
LunarLanderContinuous-v3,neat,1236,188135,280.5796094184768
LunarLanderContinuous-v3,neat,1236,193775,280.5796094184768
LunarLanderContinuous-v3,neat,1236,204200,280.5796094184768
LunarLanderContinuous-v3,neat,1236,212566,280.5796094184768
LunarLanderContinuous-v3,neat,1236,222212,280.5796094184768
LunarLanderContinuous-v3,neat,1236,230756,280.5796094184768
LunarLanderContinuous-v3,neat,1236,239190,280.5796094184768
LunarLanderContinuous-v3,neat,1236,247935,280.5796094184768
LunarLanderContinuous-v3,neat,1236,259987,280.5796094184768
LunarLanderContinuous-v3,neat,1236,273341,280.5796094184768
LunarLanderContinuous-v3,neat,1236,286252,280.5796094184768
LunarLanderContinuous-v3,neat,1236,296611,280.5796094184768
LunarLanderContinuous-v3,neat,1236,307552,280.5796094184768
LunarLanderContinuous-v3,neat,1236,319290,280.5796094184768
LunarLanderContinuous-v3,neat,1236,330728,280.5796094184768
LunarLanderContinuous-v3,neat,1236,343899,280.5796094184768
LunarLanderContinuous-v3,neat,1236,355511,280.5796094184768
LunarLanderContinuous-v3,neat,1236,368940,280.5796094184768
LunarLanderContinuous-v3,neat,1236,379745,280.5796094184768
LunarLanderContinuous-v3,neat,1236,390934,280.5796094184768
LunarLanderContinuous-v3,neat,1236,406844,280.5796094184768
LunarLanderContinuous-v3,neat,1236,421920,280.5796094184768
LunarLanderContinuous-v3,neat,1236,436693,280.5796094184768
LunarLanderContinuous-v3,neat,1236,448809,280.5796094184768
LunarLanderContinuous-v3,neat,1236,459835,280.5796094184768
LunarLanderContinuous-v3,neat,1236,471437,280.5796094184768
LunarLanderContinuous-v3,neat,1236,483565,280.5796094184768
LunarLanderContinuous-v3,neat,1236,495150,280.5796094184768
LunarLanderContinuous-v3,neat,1236,505216,280.5796094184768
LunarLanderContinuous-v3,ppo,1237,25000,-194.7261170586055
LunarLanderContinuous-v3,ppo,1237,50000,-209.944757338482
LunarLanderContinuous-v3,ppo,1237,75000,-3.090823822945166
LunarLanderContinuous-v3,ppo,1237,100000,85.50320837329701
LunarLanderContinuous-v3,ppo,1237,125000,39.8207604926401
LunarLanderContinuous-v3,ppo,1237,150000,113.97292520238943
LunarLanderContinuous-v3,ppo,1237,175000,79.71360612552525
LunarLanderContinuous-v3,ppo,1237,200000,168.21435196828347
LunarLanderContinuous-v3,ppo,1237,225000,144.67835695488287
LunarLanderContinuous-v3,ppo,1237,250000,169.96349966271552
LunarLanderContinuous-v3,ppo,1237,275000,161.5635252127215
LunarLanderContinuous-v3,ppo,1237,300000,153.47569971228137
LunarLanderContinuous-v3,ppo,1237,325000,158.64499774355252
LunarLanderContinuous-v3,ppo,1237,350000,120.11344089070822
LunarLanderContinuous-v3,ppo,1237,375000,124.63883597354803
LunarLanderContinuous-v3,ppo,1237,400000,142.8932371633064
LunarLanderContinuous-v3,ppo,1237,425000,162.45812323640885
LunarLanderContinuous-v3,ppo,1237,450000,164.0021017552757
LunarLanderContinuous-v3,ppo,1237,475000,169.44740629472284
LunarLanderContinuous-v3,ppo,1237,500000,163.34977052953417
LunarLanderContinuous-v3,ppo,1237,501760,175.87635104438306
LunarLanderContinuous-v3,es,1237,26817,-124.8827299972759
LunarLanderContinuous-v3,es,1237,52542,-105.75509669752728
LunarLanderContinuous-v3,es,1237,76571,-95.86390877841174
LunarLanderContinuous-v3,es,1237,101851,-75.5801739966864
LunarLanderContinuous-v3,es,1237,127664,-42.442483001249386
LunarLanderContinuous-v3,es,1237,153005,5.6054199617812355
LunarLanderContinuous-v3,es,1237,175408,13.028467312580313
LunarLanderContinuous-v3,es,1237,202078,20.790646100986763
LunarLanderContinuous-v3,es,1237,225388,75.65043132455041
LunarLanderContinuous-v3,es,1237,251427,173.9185356420432
LunarLanderContinuous-v3,es,1237,280895,192.20890631260485
LunarLanderContinuous-v3,es,1237,302657,181.63106659778495
LunarLanderContinuous-v3,es,1237,338557,193.0402069559106
LunarLanderContinuous-v3,es,1237,361978,218.42040514734927
LunarLanderContinuous-v3,es,1237,383867,224.19504410628423
LunarLanderContinuous-v3,es,1237,404025,201.3486154092341
LunarLanderContinuous-v3,es,1237,428281,207.78360059343908
LunarLanderContinuous-v3,es,1237,459044,246.97024103269186
LunarLanderContinuous-v3,es,1237,487458,251.56926455441075
LunarLanderContinuous-v3,es,1237,500046,263.1593310616002
LunarLanderContinuous-v3,es,1237,500046,263.1593310616002
LunarLanderContinuous-v3,cmaes,1237,25718,-68.11797571620778
LunarLanderContinuous-v3,cmaes,1237,53459,-63.078520640641
LunarLanderContinuous-v3,cmaes,1237,78702,4.586134744459386
LunarLanderContinuous-v3,cmaes,1237,106442,68.77094872320426
LunarLanderContinuous-v3,cmaes,1237,127277,91.57512216717967
LunarLanderContinuous-v3,cmaes,1237,150089,66.97254159601964
LunarLanderContinuous-v3,cmaes,1237,179908,52.06984516946413
LunarLanderContinuous-v3,cmaes,1237,207917,118.60863538106089
LunarLanderContinuous-v3,cmaes,1237,235468,167.46991352926105
LunarLanderContinuous-v3,cmaes,1237,264597,212.70887040287585
LunarLanderContinuous-v3,cmaes,1237,280734,206.2980833342502
LunarLanderContinuous-v3,cmaes,1237,313307,192.077083376983
LunarLanderContinuous-v3,cmaes,1237,326310,259.20083368097363
LunarLanderContinuous-v3,cmaes,1237,356201,247.69796893304132
LunarLanderContinuous-v3,cmaes,1237,382646,213.5852155012598
LunarLanderContinuous-v3,cmaes,1237,411330,263.6082000424993
LunarLanderContinuous-v3,cmaes,1237,426706,209.8562693050379
LunarLanderContinuous-v3,cmaes,1237,454563,259.8740471007204
LunarLanderContinuous-v3,cmaes,1237,481535,213.4185049741378
LunarLanderContinuous-v3,cmaes,1237,500221,198.9269275744303
LunarLanderContinuous-v3,cmaes,1237,500221,198.9269275744303
LunarLanderContinuous-v3,neat,1237,4877,-103.11846191896427
LunarLanderContinuous-v3,neat,1237,9843,-49.839995659275544
LunarLanderContinuous-v3,neat,1237,14717,2.7692905412515927
LunarLanderContinuous-v3,neat,1237,19684,25.756124449889214
LunarLanderContinuous-v3,neat,1237,24931,39.8491897292688
LunarLanderContinuous-v3,neat,1237,31967,74.8151004661477
LunarLanderContinuous-v3,neat,1237,39498,74.8151004661477
LunarLanderContinuous-v3,neat,1237,50096,276.2512640125069
LunarLanderContinuous-v3,neat,1237,58586,276.2512640125069
LunarLanderContinuous-v3,neat,1237,66567,276.2512640125069
LunarLanderContinuous-v3,neat,1237,75015,304.6308776595074
LunarLanderContinuous-v3,neat,1237,85676,304.6308776595074
LunarLanderContinuous-v3,neat,1237,97120,304.6308776595074
LunarLanderContinuous-v3,neat,1237,114907,304.6308776595074
LunarLanderContinuous-v3,neat,1237,125982,307.5167743100021
LunarLanderContinuous-v3,neat,1237,141909,307.5167743100021
LunarLanderContinuous-v3,neat,1237,157172,307.5167743100021
LunarLanderContinuous-v3,neat,1237,173810,307.5167743100021
LunarLanderContinuous-v3,neat,1237,184346,307.5167743100021
LunarLanderContinuous-v3,neat,1237,194191,307.5167743100021
LunarLanderContinuous-v3,neat,1237,208389,307.5167743100021
LunarLanderContinuous-v3,neat,1237,220336,307.5167743100021
LunarLanderContinuous-v3,neat,1237,236295,307.5167743100021
LunarLanderContinuous-v3,neat,1237,251024,307.5167743100021
LunarLanderContinuous-v3,neat,1237,268185,307.5167743100021
LunarLanderContinuous-v3,neat,1237,286082,307.5167743100021
LunarLanderContinuous-v3,neat,1237,305256,307.5167743100021
LunarLanderContinuous-v3,neat,1237,321998,307.5167743100021
LunarLanderContinuous-v3,neat,1237,339368,307.5167743100021
LunarLanderContinuous-v3,neat,1237,353131,307.5167743100021
LunarLanderContinuous-v3,neat,1237,368871,307.5167743100021
LunarLanderContinuous-v3,neat,1237,385198,307.5167743100021
LunarLanderContinuous-v3,neat,1237,399341,307.5167743100021
LunarLanderContinuous-v3,neat,1237,416362,307.5167743100021
LunarLanderContinuous-v3,neat,1237,437664,307.5167743100021
LunarLanderContinuous-v3,neat,1237,459728,307.5167743100021
LunarLanderContinuous-v3,neat,1237,482864,307.5167743100021
LunarLanderContinuous-v3,neat,1237,508303,307.5167743100021
LunarLanderContinuous-v3,ppo,1238,25000,-151.24355858095348
LunarLanderContinuous-v3,ppo,1238,50000,-203.95467353067926
LunarLanderContinuous-v3,ppo,1238,75000,-182.7589614047015
LunarLanderContinuous-v3,ppo,1238,100000,-59.41838743978069
LunarLanderContinuous-v3,ppo,1238,125000,-6.329001591261516
LunarLanderContinuous-v3,ppo,1238,150000,14.73712882696581
LunarLanderContinuous-v3,ppo,1238,175000,65.35231002069203
LunarLanderContinuous-v3,ppo,1238,200000,-25.426420093761912
LunarLanderContinuous-v3,ppo,1238,225000,-32.41806472746659
LunarLanderContinuous-v3,ppo,1238,250000,-34.80051511563772
LunarLanderContinuous-v3,ppo,1238,275000,2.0391301102629833
LunarLanderContinuous-v3,ppo,1238,300000,105.52599083301138
LunarLanderContinuous-v3,ppo,1238,325000,169.46467843766303
LunarLanderContinuous-v3,ppo,1238,350000,178.2044253877081
LunarLanderContinuous-v3,ppo,1238,375000,157.69357948552863
LunarLanderContinuous-v3,ppo,1238,400000,183.09221041421205
LunarLanderContinuous-v3,ppo,1238,425000,150.44790614495554
LunarLanderContinuous-v3,ppo,1238,450000,149.58661297857174
LunarLanderContinuous-v3,ppo,1238,475000,115.84527013311659
LunarLanderContinuous-v3,ppo,1238,500000,123.93385753391442
LunarLanderContinuous-v3,ppo,1238,501760,135.6718151009323
LunarLanderContinuous-v3,es,1238,26960,-138.62783963740674
LunarLanderContinuous-v3,es,1238,52970,-107.83582832367092
LunarLanderContinuous-v3,es,1238,77158,-118.6329784401591
LunarLanderContinuous-v3,es,1238,102990,-68.79282246069283
LunarLanderContinuous-v3,es,1238,127362,-77.81395517521273
LunarLanderContinuous-v3,es,1238,155283,-63.90943345815292
LunarLanderContinuous-v3,es,1238,177306,-44.8645619096673
LunarLanderContinuous-v3,es,1238,206701,-10.524449989083326
LunarLanderContinuous-v3,es,1238,234292,13.151754787765245
LunarLanderContinuous-v3,es,1238,258819,73.97962833836178
LunarLanderContinuous-v3,es,1238,285813,69.71531693078131
LunarLanderContinuous-v3,es,1238,300834,111.40218803821199
LunarLanderContinuous-v3,es,1238,329667,120.79056179296347
LunarLanderContinuous-v3,es,1238,356350,187.75731341300136
LunarLanderContinuous-v3,es,1238,379211,156.58595299138872
LunarLanderContinuous-v3,es,1238,409867,172.14953034750906
LunarLanderContinuous-v3,es,1238,425759,153.54700879450797
LunarLanderContinuous-v3,es,1238,452096,195.68144807956426
LunarLanderContinuous-v3,es,1238,484444,214.20086577478202
LunarLanderContinuous-v3,es,1238,500058,209.89035553943228
LunarLanderContinuous-v3,es,1238,500058,209.89035553943228
LunarLanderContinuous-v3,cmaes,1238,26108,-155.95810410359232
LunarLanderContinuous-v3,cmaes,1238,50287,-90.94145870581971
LunarLanderContinuous-v3,cmaes,1238,76820,-67.05211458274731
LunarLanderContinuous-v3,cmaes,1238,100483,-0.5875004765150692
LunarLanderContinuous-v3,cmaes,1238,135755,159.161077467142
LunarLanderContinuous-v3,cmaes,1238,158367,146.102234017218
LunarLanderContinuous-v3,cmaes,1238,183756,134.50849382374906
LunarLanderContinuous-v3,cmaes,1238,207102,162.04567536797055
LunarLanderContinuous-v3,cmaes,1238,227133,241.71721703739013
LunarLanderContinuous-v3,cmaes,1238,252793,208.7066128855986
LunarLanderContinuous-v3,cmaes,1238,277958,230.63434855162768
LunarLanderContinuous-v3,cmaes,1238,301890,213.34161827746394
LunarLanderContinuous-v3,cmaes,1238,330933,212.33936237928128
LunarLanderContinuous-v3,cmaes,1238,360427,125.11431396605249
LunarLanderContinuous-v3,cmaes,1238,387096,163.5036907839271
LunarLanderContinuous-v3,cmaes,1238,402619,226.79381947943452
LunarLanderContinuous-v3,cmaes,1238,431223,237.13549620446764
LunarLanderContinuous-v3,cmaes,1238,460435,256.444785860687
LunarLanderContinuous-v3,cmaes,1238,483873,259.77305950844755
LunarLanderContinuous-v3,cmaes,1238,500000,230.946371374148
LunarLanderContinuous-v3,cmaes,1238,500000,230.946371374148
LunarLanderContinuous-v3,neat,1238,4702,-120.25478921441874
LunarLanderContinuous-v3,neat,1238,9284,-6.556151407641295
LunarLanderContinuous-v3,neat,1238,13578,13.59048307916271
LunarLanderContinuous-v3,neat,1238,21319,30.81112189505444
LunarLanderContinuous-v3,neat,1238,27654,30.81112189505444
LunarLanderContinuous-v3,neat,1238,35500,235.63931560180106
LunarLanderContinuous-v3,neat,1238,44326,241.4808414050389
LunarLanderContinuous-v3,neat,1238,53986,254.42680745517845
LunarLanderContinuous-v3,neat,1238,65823,257.01895929795893
LunarLanderContinuous-v3,neat,1238,76562,257.01895929795893
LunarLanderContinuous-v3,neat,1238,86803,257.0662369071986
LunarLanderContinuous-v3,neat,1238,98018,257.2029248200755
LunarLanderContinuous-v3,neat,1238,110778,257.2029248200755
LunarLanderContinuous-v3,neat,1238,121240,257.2029248200755
LunarLanderContinuous-v3,neat,1238,131576,257.26418108941346
LunarLanderContinuous-v3,neat,1238,143541,257.42587902976857
LunarLanderContinuous-v3,neat,1238,153316,257.42587902976857
LunarLanderContinuous-v3,neat,1238,164793,257.42587902976857
LunarLanderContinuous-v3,neat,1238,176355,257.42587902976857
LunarLanderContinuous-v3,neat,1238,185941,257.42587902976857
LunarLanderContinuous-v3,neat,1238,195852,257.42587902976857
LunarLanderContinuous-v3,neat,1238,207556,257.42587902976857
LunarLanderContinuous-v3,neat,1238,219832,257.42587902976857
LunarLanderContinuous-v3,neat,1238,229532,257.42587902976857
LunarLanderContinuous-v3,neat,1238,238768,257.42587902976857
LunarLanderContinuous-v3,neat,1238,247626,257.42587902976857
LunarLanderContinuous-v3,neat,1238,257159,257.42587902976857
LunarLanderContinuous-v3,neat,1238,265584,257.42587902976857
LunarLanderContinuous-v3,neat,1238,274998,260.0244358458267
LunarLanderContinuous-v3,neat,1238,284081,260.0244358458267
LunarLanderContinuous-v3,neat,1238,294376,260.0244358458267
LunarLanderContinuous-v3,neat,1238,303558,260.0244358458267
LunarLanderContinuous-v3,neat,1238,315015,260.0244358458267
LunarLanderContinuous-v3,neat,1238,327895,260.0244358458267
LunarLanderContinuous-v3,neat,1238,336999,260.0244358458267
LunarLanderContinuous-v3,neat,1238,346720,260.0244358458267
LunarLanderContinuous-v3,neat,1238,358861,260.0244358458267
LunarLanderContinuous-v3,neat,1238,370645,260.0244358458267
LunarLanderContinuous-v3,neat,1238,380729,260.0244358458267
LunarLanderContinuous-v3,neat,1238,390947,260.0244358458267
LunarLanderContinuous-v3,neat,1238,403251,260.0244358458267
LunarLanderContinuous-v3,neat,1238,413678,260.0244358458267
LunarLanderContinuous-v3,neat,1238,424979,262.2561494508602
LunarLanderContinuous-v3,neat,1238,435366,262.2561494508602
LunarLanderContinuous-v3,neat,1238,446688,262.2561494508602
LunarLanderContinuous-v3,neat,1238,458912,262.2561494508602
LunarLanderContinuous-v3,neat,1238,470722,262.2561494508602
LunarLanderContinuous-v3,neat,1238,482155,262.2561494508602
LunarLanderContinuous-v3,neat,1238,492221,262.2561494508602
LunarLanderContinuous-v3,neat,1238,501423,262.2561494508602
LunarLanderContinuous-v3,ppo,1239,25000,-176.7782247598958
LunarLanderContinuous-v3,ppo,1239,50000,-331.78602204276433
LunarLanderContinuous-v3,ppo,1239,75000,60.119390406983655
LunarLanderContinuous-v3,ppo,1239,100000,-17.523740225935043
LunarLanderContinuous-v3,ppo,1239,125000,-22.230836429156376
LunarLanderContinuous-v3,ppo,1239,150000,112.53748531594701
LunarLanderContinuous-v3,ppo,1239,175000,159.4166229362689
LunarLanderContinuous-v3,ppo,1239,200000,118.0195875813632
LunarLanderContinuous-v3,ppo,1239,225000,110.97429979693534
LunarLanderContinuous-v3,ppo,1239,250000,63.90328434948981
LunarLanderContinuous-v3,ppo,1239,275000,144.4592418159257
LunarLanderContinuous-v3,ppo,1239,300000,122.08370006597302
LunarLanderContinuous-v3,ppo,1239,325000,146.9194672130945
LunarLanderContinuous-v3,ppo,1239,350000,149.5630755410769
LunarLanderContinuous-v3,ppo,1239,375000,182.4819830322366
LunarLanderContinuous-v3,ppo,1239,400000,143.42891641307347
LunarLanderContinuous-v3,ppo,1239,425000,111.62285890771709
LunarLanderContinuous-v3,ppo,1239,450000,144.0556963842191
LunarLanderContinuous-v3,ppo,1239,475000,162.77587915455337
LunarLanderContinuous-v3,ppo,1239,500000,151.1415969772771
LunarLanderContinuous-v3,ppo,1239,501760,150.613456180079
LunarLanderContinuous-v3,es,1239,25539,-138.60416692933168
LunarLanderContinuous-v3,es,1239,51706,-137.28707939933275
LunarLanderContinuous-v3,es,1239,77038,-135.30901064647165
LunarLanderContinuous-v3,es,1239,100102,-126.2890327903963
LunarLanderContinuous-v3,es,1239,125454,-77.02333893328215
LunarLanderContinuous-v3,es,1239,152861,-80.59664505080522
LunarLanderContinuous-v3,es,1239,179103,-51.69470606639203
LunarLanderContinuous-v3,es,1239,207662,-52.32971071621976
LunarLanderContinuous-v3,es,1239,229285,-43.086798076551545
LunarLanderContinuous-v3,es,1239,252674,-42.02820159318454
LunarLanderContinuous-v3,es,1239,276215,-29.051097327522314
LunarLanderContinuous-v3,es,1239,302471,18.223608985030815
LunarLanderContinuous-v3,es,1239,328197,4.598810018295678
LunarLanderContinuous-v3,es,1239,354328,-17.665990074599076
LunarLanderContinuous-v3,es,1239,375230,41.17985014663558
LunarLanderContinuous-v3,es,1239,401190,41.845384587523306
LunarLanderContinuous-v3,es,1239,433871,187.5885590280383
LunarLanderContinuous-v3,es,1239,456737,150.12397271951156
LunarLanderContinuous-v3,es,1239,486910,135.82663503921006
LunarLanderContinuous-v3,es,1239,500017,149.35602253224454
LunarLanderContinuous-v3,es,1239,500017,149.35602253224454
LunarLanderContinuous-v3,cmaes,1239,28297,-148.22696287236056
LunarLanderContinuous-v3,cmaes,1239,51311,-143.25667784724135
LunarLanderContinuous-v3,cmaes,1239,75662,-129.86117924682614
LunarLanderContinuous-v3,cmaes,1239,102123,-71.43126116003648
LunarLanderContinuous-v3,cmaes,1239,127710,-16.515033661728705
LunarLanderContinuous-v3,cmaes,1239,157794,28.215968830210706
LunarLanderContinuous-v3,cmaes,1239,177195,105.30164588499858
LunarLanderContinuous-v3,cmaes,1239,215593,127.39146996553416
LunarLanderContinuous-v3,cmaes,1239,230783,100.40591296810317
LunarLanderContinuous-v3,cmaes,1239,252505,241.1423761258743
LunarLanderContinuous-v3,cmaes,1239,284814,246.3505205749393
LunarLanderContinuous-v3,cmaes,1239,300684,244.56182862290143
LunarLanderContinuous-v3,cmaes,1239,331636,249.453145454791
LunarLanderContinuous-v3,cmaes,1239,360002,238.21731254167236
LunarLanderContinuous-v3,cmaes,1239,377535,224.49265415251844
LunarLanderContinuous-v3,cmaes,1239,407975,246.73811618102908
LunarLanderContinuous-v3,cmaes,1239,441406,252.41225980440362
LunarLanderContinuous-v3,cmaes,1239,457193,259.45411938136607
LunarLanderContinuous-v3,cmaes,1239,483805,248.0755017082247
LunarLanderContinuous-v3,cmaes,1239,500352,253.097151223824
LunarLanderContinuous-v3,cmaes,1239,500352,253.097151223824
LunarLanderContinuous-v3,neat,1239,4279,-145.27031656027668
LunarLanderContinuous-v3,neat,1239,9103,-92.92831143030898
LunarLanderContinuous-v3,neat,1239,13904,-5.70677560869548
LunarLanderContinuous-v3,neat,1239,18486,-5.70677560869548
LunarLanderContinuous-v3,neat,1239,22652,10.726577775818868
LunarLanderContinuous-v3,neat,1239,27199,10.726577775818868
LunarLanderContinuous-v3,neat,1239,31920,78.59622022160531
LunarLanderContinuous-v3,neat,1239,37283,78.59622022160531
LunarLanderContinuous-v3,neat,1239,42114,243.0925325114356
LunarLanderContinuous-v3,neat,1239,47110,243.0925325114356
LunarLanderContinuous-v3,neat,1239,52415,243.0925325114356
LunarLanderContinuous-v3,neat,1239,59613,243.0925325114356
LunarLanderContinuous-v3,neat,1239,65022,243.0925325114356
LunarLanderContinuous-v3,neat,1239,70075,243.0925325114356
LunarLanderContinuous-v3,neat,1239,75904,243.0925325114356
LunarLanderContinuous-v3,neat,1239,83007,243.0925325114356
LunarLanderContinuous-v3,neat,1239,90140,243.0925325114356
LunarLanderContinuous-v3,neat,1239,96368,243.0925325114356
LunarLanderContinuous-v3,neat,1239,103275,243.0925325114356
LunarLanderContinuous-v3,neat,1239,111900,243.0925325114356
LunarLanderContinuous-v3,neat,1239,120083,243.0925325114356
LunarLanderContinuous-v3,neat,1239,127116,243.0925325114356
LunarLanderContinuous-v3,neat,1239,133809,243.0925325114356
LunarLanderContinuous-v3,neat,1239,141583,243.0925325114356
LunarLanderContinuous-v3,neat,1239,147442,243.0925325114356
LunarLanderContinuous-v3,neat,1239,152787,243.0925325114356
LunarLanderContinuous-v3,neat,1239,159290,243.0925325114356
LunarLanderContinuous-v3,neat,1239,165735,243.0925325114356
LunarLanderContinuous-v3,neat,1239,172403,243.0925325114356
LunarLanderContinuous-v3,neat,1239,177950,243.0925325114356
LunarLanderContinuous-v3,neat,1239,185553,243.0925325114356
LunarLanderContinuous-v3,neat,1239,190650,243.0925325114356
LunarLanderContinuous-v3,neat,1239,196259,243.0925325114356
LunarLanderContinuous-v3,neat,1239,203965,243.0925325114356
LunarLanderContinuous-v3,neat,1239,210715,243.0925325114356
LunarLanderContinuous-v3,neat,1239,216569,243.0925325114356
LunarLanderContinuous-v3,neat,1239,221796,243.0925325114356
LunarLanderContinuous-v3,neat,1239,228260,243.0925325114356
LunarLanderContinuous-v3,neat,1239,235034,243.0925325114356
LunarLanderContinuous-v3,neat,1239,241877,266.43944144997533
LunarLanderContinuous-v3,neat,1239,248817,266.43944144997533
LunarLanderContinuous-v3,neat,1239,255377,266.43944144997533
LunarLanderContinuous-v3,neat,1239,262608,266.43944144997533
LunarLanderContinuous-v3,neat,1239,268905,266.43944144997533
LunarLanderContinuous-v3,neat,1239,276266,266.43944144997533
LunarLanderContinuous-v3,neat,1239,285795,266.43944144997533
LunarLanderContinuous-v3,neat,1239,293911,266.43944144997533
LunarLanderContinuous-v3,neat,1239,302787,266.43944144997533
LunarLanderContinuous-v3,neat,1239,310085,266.43944144997533
LunarLanderContinuous-v3,neat,1239,318973,266.43944144997533
LunarLanderContinuous-v3,neat,1239,325326,266.43944144997533
LunarLanderContinuous-v3,neat,1239,332940,266.43944144997533
LunarLanderContinuous-v3,neat,1239,340309,266.43944144997533
LunarLanderContinuous-v3,neat,1239,347405,266.43944144997533
LunarLanderContinuous-v3,neat,1239,355182,266.43944144997533
LunarLanderContinuous-v3,neat,1239,364279,303.30038873856176
LunarLanderContinuous-v3,neat,1239,372759,303.30038873856176
LunarLanderContinuous-v3,neat,1239,382126,303.30038873856176
LunarLanderContinuous-v3,neat,1239,391263,303.30038873856176
LunarLanderContinuous-v3,neat,1239,399081,303.30038873856176
LunarLanderContinuous-v3,neat,1239,408920,303.30038873856176
LunarLanderContinuous-v3,neat,1239,419086,303.30038873856176
LunarLanderContinuous-v3,neat,1239,428258,303.30038873856176
LunarLanderContinuous-v3,neat,1239,437812,303.30038873856176
LunarLanderContinuous-v3,neat,1239,447800,303.30038873856176
LunarLanderContinuous-v3,neat,1239,458618,303.30038873856176
LunarLanderContinuous-v3,neat,1239,469045,303.30038873856176
LunarLanderContinuous-v3,neat,1239,480458,303.30038873856176
LunarLanderContinuous-v3,neat,1239,491353,303.30038873856176
LunarLanderContinuous-v3,neat,1239,499827,303.30038873856176
LunarLanderContinuous-v3,neat,1239,508809,303.30038873856176
LunarLanderContinuous-v3,ppo,1240,25000,-193.02319709381302
LunarLanderContinuous-v3,ppo,1240,50000,-785.5534451110904
LunarLanderContinuous-v3,ppo,1240,75000,164.3896122330852
LunarLanderContinuous-v3,ppo,1240,100000,100.24201122085636
LunarLanderContinuous-v3,ppo,1240,125000,136.09913725566807
LunarLanderContinuous-v3,ppo,1240,150000,186.4636175264398
LunarLanderContinuous-v3,ppo,1240,175000,145.02769555529807
LunarLanderContinuous-v3,ppo,1240,200000,158.95766551794708
LunarLanderContinuous-v3,ppo,1240,225000,163.11785671918366
LunarLanderContinuous-v3,ppo,1240,250000,164.3884558170077
LunarLanderContinuous-v3,ppo,1240,275000,116.44725316535815
LunarLanderContinuous-v3,ppo,1240,300000,74.72287122410773
LunarLanderContinuous-v3,ppo,1240,325000,115.35343899977508
LunarLanderContinuous-v3,ppo,1240,350000,136.19987289935256
LunarLanderContinuous-v3,ppo,1240,375000,142.45632617686653
LunarLanderContinuous-v3,ppo,1240,400000,221.3629337495848
LunarLanderContinuous-v3,ppo,1240,425000,206.0094017384723
LunarLanderContinuous-v3,ppo,1240,450000,172.92597445319288
LunarLanderContinuous-v3,ppo,1240,475000,206.99284943399743
LunarLanderContinuous-v3,ppo,1240,500000,240.20644990124828
LunarLanderContinuous-v3,ppo,1240,501760,236.33161799251326
LunarLanderContinuous-v3,es,1240,26195,-151.5467221100913
LunarLanderContinuous-v3,es,1240,51761,-151.63373371967012
LunarLanderContinuous-v3,es,1240,75138,-127.60746517133116
LunarLanderContinuous-v3,es,1240,102409,-92.83607281429946
LunarLanderContinuous-v3,es,1240,125123,-72.54420341613063
LunarLanderContinuous-v3,es,1240,150649,-63.06754503503913
LunarLanderContinuous-v3,es,1240,176359,-47.18495895309765
LunarLanderContinuous-v3,es,1240,203422,-49.17092377484964
LunarLanderContinuous-v3,es,1240,230648,-22.244247446443374
LunarLanderContinuous-v3,es,1240,252053,-7.100942708427908
LunarLanderContinuous-v3,es,1240,276485,37.8378172323307
LunarLanderContinuous-v3,es,1240,301641,119.33031573693977
LunarLanderContinuous-v3,es,1240,326746,172.5096844325998
LunarLanderContinuous-v3,es,1240,356056,217.14495583881882
LunarLanderContinuous-v3,es,1240,378563,178.28206320075955
LunarLanderContinuous-v3,es,1240,408958,228.89235869154064
LunarLanderContinuous-v3,es,1240,432883,238.7594581752315
LunarLanderContinuous-v3,es,1240,452784,225.6338610135885
LunarLanderContinuous-v3,es,1240,475388,237.72642559609994
LunarLanderContinuous-v3,es,1240,500364,236.76636157053167
LunarLanderContinuous-v3,es,1240,500364,236.76636157053167
LunarLanderContinuous-v3,cmaes,1240,27342,-137.3407192324645
LunarLanderContinuous-v3,cmaes,1240,53241,-119.4448327075851
LunarLanderContinuous-v3,cmaes,1240,76648,-141.16668388104168
LunarLanderContinuous-v3,cmaes,1240,100241,-122.41750370372999
LunarLanderContinuous-v3,cmaes,1240,125296,-60.996048412511776
LunarLanderContinuous-v3,cmaes,1240,151116,-46.058139140284084
LunarLanderContinuous-v3,cmaes,1240,179626,158.91954063501598
LunarLanderContinuous-v3,cmaes,1240,200396,173.56246277950385
LunarLanderContinuous-v3,cmaes,1240,229101,165.69678049327635
LunarLanderContinuous-v3,cmaes,1240,254566,180.06739887263944
LunarLanderContinuous-v3,cmaes,1240,275483,228.54993302317015
LunarLanderContinuous-v3,cmaes,1240,305891,213.11250899101302
LunarLanderContinuous-v3,cmaes,1240,331976,213.81362305350495
LunarLanderContinuous-v3,cmaes,1240,356430,171.0229170738033
LunarLanderContinuous-v3,cmaes,1240,376228,221.54537713923264
LunarLanderContinuous-v3,cmaes,1240,412083,211.4492130366469
LunarLanderContinuous-v3,cmaes,1240,434117,217.24999717059285
LunarLanderContinuous-v3,cmaes,1240,453368,238.52519709066442
LunarLanderContinuous-v3,cmaes,1240,479249,265.70945246251205
LunarLanderContinuous-v3,cmaes,1240,500356,270.25143119795945
LunarLanderContinuous-v3,cmaes,1240,500356,270.25143119795945
LunarLanderContinuous-v3,neat,1240,4502,-80.8844418144468
LunarLanderContinuous-v3,neat,1240,8748,17.04710229075596
LunarLanderContinuous-v3,neat,1240,12960,17.04710229075596
LunarLanderContinuous-v3,neat,1240,17182,17.04710229075596
LunarLanderContinuous-v3,neat,1240,21344,17.596270237567992
LunarLanderContinuous-v3,neat,1240,25579,32.431481920037726
LunarLanderContinuous-v3,neat,1240,29937,32.431481920037726
LunarLanderContinuous-v3,neat,1240,34591,234.02782401451682
LunarLanderContinuous-v3,neat,1240,39095,234.02782401451682
LunarLanderContinuous-v3,neat,1240,43634,234.02782401451682
LunarLanderContinuous-v3,neat,1240,48984,234.02782401451682
LunarLanderContinuous-v3,neat,1240,54452,234.02782401451682
LunarLanderContinuous-v3,neat,1240,60590,234.02782401451682
LunarLanderContinuous-v3,neat,1240,67325,234.02782401451682
LunarLanderContinuous-v3,neat,1240,75696,234.02782401451682
LunarLanderContinuous-v3,neat,1240,83234,234.02782401451682
LunarLanderContinuous-v3,neat,1240,91547,285.9623585114744
LunarLanderContinuous-v3,neat,1240,99252,285.9623585114744
LunarLanderContinuous-v3,neat,1240,106681,285.9623585114744
LunarLanderContinuous-v3,neat,1240,115526,285.9623585114744
LunarLanderContinuous-v3,neat,1240,124986,298.0661272063993
LunarLanderContinuous-v3,neat,1240,134915,298.0661272063993
LunarLanderContinuous-v3,neat,1240,143668,298.0661272063993
LunarLanderContinuous-v3,neat,1240,156278,298.0661272063993
LunarLanderContinuous-v3,neat,1240,168446,298.0661272063993
LunarLanderContinuous-v3,neat,1240,182013,299.7787817275622
LunarLanderContinuous-v3,neat,1240,192445,299.7787817275622
LunarLanderContinuous-v3,neat,1240,203685,302.55620688109514
LunarLanderContinuous-v3,neat,1240,218132,302.55620688109514
LunarLanderContinuous-v3,neat,1240,230677,302.55620688109514
LunarLanderContinuous-v3,neat,1240,242657,302.55620688109514
LunarLanderContinuous-v3,neat,1240,254946,302.55620688109514
LunarLanderContinuous-v3,neat,1240,267939,302.55620688109514
LunarLanderContinuous-v3,neat,1240,278498,302.55620688109514
LunarLanderContinuous-v3,neat,1240,287955,311.47420436091954
LunarLanderContinuous-v3,neat,1240,296803,311.47420436091954
LunarLanderContinuous-v3,neat,1240,306559,311.47420436091954
LunarLanderContinuous-v3,neat,1240,319876,311.47420436091954
LunarLanderContinuous-v3,neat,1240,330047,312.8587428665537
LunarLanderContinuous-v3,neat,1240,340974,312.8587428665537
LunarLanderContinuous-v3,neat,1240,354781,315.3304727741627
LunarLanderContinuous-v3,neat,1240,369114,315.3304727741627
LunarLanderContinuous-v3,neat,1240,379120,315.3304727741627
LunarLanderContinuous-v3,neat,1240,388115,315.3304727741627
LunarLanderContinuous-v3,neat,1240,399998,315.3304727741627
LunarLanderContinuous-v3,neat,1240,410353,315.3304727741627
LunarLanderContinuous-v3,neat,1240,419895,315.3304727741627
LunarLanderContinuous-v3,neat,1240,431906,315.3304727741627
LunarLanderContinuous-v3,neat,1240,446198,315.3304727741627
LunarLanderContinuous-v3,neat,1240,464462,315.3304727741627
LunarLanderContinuous-v3,neat,1240,479830,315.3304727741627
LunarLanderContinuous-v3,neat,1240,497538,316.7297670915376
LunarLanderContinuous-v3,neat,1240,511882,316.7297670915376
LunarLanderContinuous-v3,ppo,1241,25000,-148.22445209267065
LunarLanderContinuous-v3,ppo,1241,50000,-114.98898531828777
LunarLanderContinuous-v3,ppo,1241,75000,115.78375279644558
LunarLanderContinuous-v3,ppo,1241,100000,56.46115606436931
LunarLanderContinuous-v3,ppo,1241,125000,119.52577214049825
LunarLanderContinuous-v3,ppo,1241,150000,103.88040125769275
LunarLanderContinuous-v3,ppo,1241,175000,130.32449751590264
LunarLanderContinuous-v3,ppo,1241,200000,168.9076394012436
LunarLanderContinuous-v3,ppo,1241,225000,155.8606686170103
LunarLanderContinuous-v3,ppo,1241,250000,187.38328671805874
LunarLanderContinuous-v3,ppo,1241,275000,156.1854961101334
LunarLanderContinuous-v3,ppo,1241,300000,141.066287652318
LunarLanderContinuous-v3,ppo,1241,325000,175.6145408067507
LunarLanderContinuous-v3,ppo,1241,350000,170.92607803813698
LunarLanderContinuous-v3,ppo,1241,375000,172.8561779630456
LunarLanderContinuous-v3,ppo,1241,400000,173.54879286473744
LunarLanderContinuous-v3,ppo,1241,425000,161.283593926287
LunarLanderContinuous-v3,ppo,1241,450000,171.3876862389173
LunarLanderContinuous-v3,ppo,1241,475000,203.65520597119865
LunarLanderContinuous-v3,ppo,1241,500000,163.94931903992918
LunarLanderContinuous-v3,ppo,1241,501760,174.35275318018483
LunarLanderContinuous-v3,es,1241,25147,-148.26244354435067
LunarLanderContinuous-v3,es,1241,51680,-136.32552466123838
LunarLanderContinuous-v3,es,1241,77813,-139.7235357486812
LunarLanderContinuous-v3,es,1241,102693,-99.72079831155001
LunarLanderContinuous-v3,es,1241,125253,-102.23344027919588
LunarLanderContinuous-v3,es,1241,152304,-70.08643845471876
LunarLanderContinuous-v3,es,1241,179135,-47.0679511767848
LunarLanderContinuous-v3,es,1241,204817,-13.277596761363634
LunarLanderContinuous-v3,es,1241,228950,62.28303958024843
LunarLanderContinuous-v3,es,1241,250388,73.114613532562
LunarLanderContinuous-v3,es,1241,281419,66.04139968894043
LunarLanderContinuous-v3,es,1241,305261,189.38697060519215
LunarLanderContinuous-v3,es,1241,327503,217.35664629728203
LunarLanderContinuous-v3,es,1241,359600,184.37495469954405
LunarLanderContinuous-v3,es,1241,381495,197.2068974962094
LunarLanderContinuous-v3,es,1241,402508,241.35508909071842
LunarLanderContinuous-v3,es,1241,427646,254.4719678036992
LunarLanderContinuous-v3,es,1241,452892,243.29784748680055
LunarLanderContinuous-v3,es,1241,480202,246.96418182327415
LunarLanderContinuous-v3,es,1241,500439,272.71755602288556
LunarLanderContinuous-v3,es,1241,500439,272.71755602288556
LunarLanderContinuous-v3,cmaes,1241,27762,-133.69072857431664
LunarLanderContinuous-v3,cmaes,1241,51463,-125.45709457665887
LunarLanderContinuous-v3,cmaes,1241,75149,-94.86897564545721
LunarLanderContinuous-v3,cmaes,1241,103243,-73.4758213008781
LunarLanderContinuous-v3,cmaes,1241,125085,-118.25611979600498
LunarLanderContinuous-v3,cmaes,1241,151261,-13.021412696226923
LunarLanderContinuous-v3,cmaes,1241,179138,-9.201566390071484
LunarLanderContinuous-v3,cmaes,1241,200958,-22.03643736847619
LunarLanderContinuous-v3,cmaes,1241,226012,42.10173419248984
LunarLanderContinuous-v3,cmaes,1241,251109,135.63155731381846
LunarLanderContinuous-v3,cmaes,1241,279308,69.40799689193602
LunarLanderContinuous-v3,cmaes,1241,303593,139.93240156681972
LunarLanderContinuous-v3,cmaes,1241,331892,254.03532267917467
LunarLanderContinuous-v3,cmaes,1241,358040,253.8841999267126
LunarLanderContinuous-v3,cmaes,1241,381400,242.85713087473204
LunarLanderContinuous-v3,cmaes,1241,401895,257.934963174792
LunarLanderContinuous-v3,cmaes,1241,429931,266.07965742098105
LunarLanderContinuous-v3,cmaes,1241,456455,252.1873152929079
LunarLanderContinuous-v3,cmaes,1241,476267,202.26552582217107
LunarLanderContinuous-v3,cmaes,1241,500125,266.2564132876863
LunarLanderContinuous-v3,cmaes,1241,500125,266.2564132876863
LunarLanderContinuous-v3,neat,1241,4446,-110.07701512589412
LunarLanderContinuous-v3,neat,1241,8936,-43.66295913763199
LunarLanderContinuous-v3,neat,1241,13553,253.364772528802
LunarLanderContinuous-v3,neat,1241,18370,253.364772528802
LunarLanderContinuous-v3,neat,1241,23950,253.364772528802
LunarLanderContinuous-v3,neat,1241,30226,253.364772528802
LunarLanderContinuous-v3,neat,1241,38120,253.364772528802
LunarLanderContinuous-v3,neat,1241,44908,253.364772528802
LunarLanderContinuous-v3,neat,1241,51589,253.364772528802
LunarLanderContinuous-v3,neat,1241,59036,253.364772528802
LunarLanderContinuous-v3,neat,1241,67091,253.364772528802
LunarLanderContinuous-v3,neat,1241,74144,253.364772528802
LunarLanderContinuous-v3,neat,1241,84229,253.364772528802
LunarLanderContinuous-v3,neat,1241,94203,253.364772528802
LunarLanderContinuous-v3,neat,1241,103061,253.364772528802
LunarLanderContinuous-v3,neat,1241,114339,253.364772528802
LunarLanderContinuous-v3,neat,1241,122208,253.364772528802
LunarLanderContinuous-v3,neat,1241,130093,291.5221953000233
LunarLanderContinuous-v3,neat,1241,138257,291.5221953000233
LunarLanderContinuous-v3,neat,1241,149504,291.5221953000233
LunarLanderContinuous-v3,neat,1241,158774,291.5221953000233
LunarLanderContinuous-v3,neat,1241,168824,291.5221953000233
LunarLanderContinuous-v3,neat,1241,181371,291.5221953000233
LunarLanderContinuous-v3,neat,1241,192636,291.5221953000233
LunarLanderContinuous-v3,neat,1241,200589,291.5221953000233
LunarLanderContinuous-v3,neat,1241,209937,291.5221953000233
LunarLanderContinuous-v3,neat,1241,221254,291.5221953000233
LunarLanderContinuous-v3,neat,1241,232398,291.5221953000233
LunarLanderContinuous-v3,neat,1241,247725,291.5221953000233
LunarLanderContinuous-v3,neat,1241,265197,291.5221953000233
LunarLanderContinuous-v3,neat,1241,276252,291.5221953000233
LunarLanderContinuous-v3,neat,1241,289048,291.5221953000233
LunarLanderContinuous-v3,neat,1241,300931,291.96721751106696
LunarLanderContinuous-v3,neat,1241,316013,291.96721751106696
LunarLanderContinuous-v3,neat,1241,334293,291.96721751106696
LunarLanderContinuous-v3,neat,1241,348336,291.96721751106696
LunarLanderContinuous-v3,neat,1241,361977,291.96721751106696
LunarLanderContinuous-v3,neat,1241,373883,291.96721751106696
LunarLanderContinuous-v3,neat,1241,386572,291.96721751106696
LunarLanderContinuous-v3,neat,1241,396713,291.96721751106696
LunarLanderContinuous-v3,neat,1241,407821,291.96721751106696
LunarLanderContinuous-v3,neat,1241,419049,291.96721751106696
LunarLanderContinuous-v3,neat,1241,428153,291.96721751106696
LunarLanderContinuous-v3,neat,1241,438729,291.96721751106696
LunarLanderContinuous-v3,neat,1241,448495,291.96721751106696
LunarLanderContinuous-v3,neat,1241,461084,291.96721751106696
LunarLanderContinuous-v3,neat,1241,472209,291.96721751106696
LunarLanderContinuous-v3,neat,1241,483553,291.96721751106696
LunarLanderContinuous-v3,neat,1241,495397,291.96721751106696
LunarLanderContinuous-v3,neat,1241,505747,291.96721751106696
LunarLanderContinuous-v3,ppo,1242,25000,-192.50685176814798
LunarLanderContinuous-v3,ppo,1242,50000,-109.84130063640525
LunarLanderContinuous-v3,ppo,1242,75000,87.73324063466546
LunarLanderContinuous-v3,ppo,1242,100000,89.03539192187665
LunarLanderContinuous-v3,ppo,1242,125000,94.07485673751228
LunarLanderContinuous-v3,ppo,1242,150000,103.4167304789753
LunarLanderContinuous-v3,ppo,1242,175000,77.37320837125107
LunarLanderContinuous-v3,ppo,1242,200000,-48.61416943333218
LunarLanderContinuous-v3,ppo,1242,225000,13.063032167079887
LunarLanderContinuous-v3,ppo,1242,250000,94.82224345007873
LunarLanderContinuous-v3,ppo,1242,275000,103.6784903598714
LunarLanderContinuous-v3,ppo,1242,300000,71.62659742944962
LunarLanderContinuous-v3,ppo,1242,325000,89.83567893872046
LunarLanderContinuous-v3,ppo,1242,350000,117.69593036960346
LunarLanderContinuous-v3,ppo,1242,375000,137.8947279291958
LunarLanderContinuous-v3,ppo,1242,400000,121.79270078462032
LunarLanderContinuous-v3,ppo,1242,425000,148.73046306784425
LunarLanderContinuous-v3,ppo,1242,450000,152.98669958198843
LunarLanderContinuous-v3,ppo,1242,475000,125.76738631479775
LunarLanderContinuous-v3,ppo,1242,500000,136.38476360666556
LunarLanderContinuous-v3,ppo,1242,501760,140.42809223866942
LunarLanderContinuous-v3,es,1242,25092,-150.8627699652737
LunarLanderContinuous-v3,es,1242,52560,-150.22015720774334
LunarLanderContinuous-v3,es,1242,75380,-150.49823500967312
LunarLanderContinuous-v3,es,1242,101330,-150.39607198268703
LunarLanderContinuous-v3,es,1242,127106,-148.73067945727442
LunarLanderContinuous-v3,es,1242,150893,-123.03349576990354
LunarLanderContinuous-v3,es,1242,176070,-70.90850365480314
LunarLanderContinuous-v3,es,1242,205577,-37.299248606537034
LunarLanderContinuous-v3,es,1242,225335,-30.19789443859147
LunarLanderContinuous-v3,es,1242,253085,-25.10905762131263
LunarLanderContinuous-v3,es,1242,278276,-0.8079235141977137
LunarLanderContinuous-v3,es,1242,301348,37.09475775428202
LunarLanderContinuous-v3,es,1242,332442,194.10407699601183
LunarLanderContinuous-v3,es,1242,350219,211.5822395993357
LunarLanderContinuous-v3,es,1242,378463,153.36690668218415
LunarLanderContinuous-v3,es,1242,409370,214.953159887392
LunarLanderContinuous-v3,es,1242,428348,126.66291941887967
LunarLanderContinuous-v3,es,1242,455001,149.82902481648009
LunarLanderContinuous-v3,es,1242,484869,165.81066476356492
LunarLanderContinuous-v3,es,1242,500212,219.2169561801612
LunarLanderContinuous-v3,es,1242,500212,219.2169561801612
LunarLanderContinuous-v3,cmaes,1242,28052,-137.68340992021314
LunarLanderContinuous-v3,cmaes,1242,52081,-150.76769615385064
LunarLanderContinuous-v3,cmaes,1242,77794,-133.5359946656036
LunarLanderContinuous-v3,cmaes,1242,103305,-83.90485875992842
LunarLanderContinuous-v3,cmaes,1242,125431,-86.33926967773107
LunarLanderContinuous-v3,cmaes,1242,154076,-47.987554192888446
LunarLanderContinuous-v3,cmaes,1242,176515,-28.968672598082964
LunarLanderContinuous-v3,cmaes,1242,204009,63.48131568947347
LunarLanderContinuous-v3,cmaes,1242,228715,57.12173334149971
LunarLanderContinuous-v3,cmaes,1242,254175,166.26683912788812
LunarLanderContinuous-v3,cmaes,1242,280954,246.999815724734
LunarLanderContinuous-v3,cmaes,1242,306012,229.38153636792373
LunarLanderContinuous-v3,cmaes,1242,326237,206.88008809857587
LunarLanderContinuous-v3,cmaes,1242,356688,121.14917515547802
LunarLanderContinuous-v3,cmaes,1242,384136,211.30825709088913
LunarLanderContinuous-v3,cmaes,1242,402691,228.31251867748423
LunarLanderContinuous-v3,cmaes,1242,438392,226.19639716833186
LunarLanderContinuous-v3,cmaes,1242,451382,241.47182232107144
LunarLanderContinuous-v3,cmaes,1242,479019,244.88895134762333
LunarLanderContinuous-v3,cmaes,1242,500561,202.08699980187706
LunarLanderContinuous-v3,cmaes,1242,500561,202.08699980187706
LunarLanderContinuous-v3,neat,1242,5484,-298.8754449915592
LunarLanderContinuous-v3,neat,1242,11759,243.27750174628926
LunarLanderContinuous-v3,neat,1242,19913,243.27750174628926
LunarLanderContinuous-v3,neat,1242,27484,243.27750174628926
LunarLanderContinuous-v3,neat,1242,35618,274.3618471948304
LunarLanderContinuous-v3,neat,1242,44491,288.3876486738859
LunarLanderContinuous-v3,neat,1242,52206,288.3876486738859
LunarLanderContinuous-v3,neat,1242,61170,288.3876486738859
LunarLanderContinuous-v3,neat,1242,72744,288.3876486738859
LunarLanderContinuous-v3,neat,1242,85702,288.3876486738859
LunarLanderContinuous-v3,neat,1242,99143,298.6839080259133
LunarLanderContinuous-v3,neat,1242,115286,298.6839080259133
LunarLanderContinuous-v3,neat,1242,128588,298.6839080259133
LunarLanderContinuous-v3,neat,1242,143980,299.76701363932784
LunarLanderContinuous-v3,neat,1242,155648,299.76701363932784
LunarLanderContinuous-v3,neat,1242,169120,299.76701363932784
LunarLanderContinuous-v3,neat,1242,183028,299.76701363932784
LunarLanderContinuous-v3,neat,1242,196801,299.76701363932784
LunarLanderContinuous-v3,neat,1242,210799,299.76701363932784
LunarLanderContinuous-v3,neat,1242,224323,299.76701363932784
LunarLanderContinuous-v3,neat,1242,241925,309.1146214855893
LunarLanderContinuous-v3,neat,1242,256843,312.16696039359783
LunarLanderContinuous-v3,neat,1242,271389,312.16696039359783
LunarLanderContinuous-v3,neat,1242,288279,312.16696039359783
LunarLanderContinuous-v3,neat,1242,302249,312.16696039359783
LunarLanderContinuous-v3,neat,1242,318556,312.16696039359783
LunarLanderContinuous-v3,neat,1242,339656,312.16696039359783
LunarLanderContinuous-v3,neat,1242,354775,312.16696039359783
LunarLanderContinuous-v3,neat,1242,370497,312.16696039359783
LunarLanderContinuous-v3,neat,1242,385706,312.16696039359783
LunarLanderContinuous-v3,neat,1242,399595,312.16696039359783
LunarLanderContinuous-v3,neat,1242,416594,312.16696039359783
LunarLanderContinuous-v3,neat,1242,430605,312.16696039359783
LunarLanderContinuous-v3,neat,1242,447437,312.16696039359783
LunarLanderContinuous-v3,neat,1242,467917,312.16696039359783
LunarLanderContinuous-v3,neat,1242,484584,312.16696039359783
LunarLanderContinuous-v3,neat,1242,499629,312.16696039359783
LunarLanderContinuous-v3,neat,1242,515054,312.16696039359783
LunarLanderContinuous-v3,ppo,1243,25000,-45.62732450625028
LunarLanderContinuous-v3,ppo,1243,50000,-99.80767889245851
LunarLanderContinuous-v3,ppo,1243,75000,92.4544820288103
LunarLanderContinuous-v3,ppo,1243,100000,9.184589190682647
LunarLanderContinuous-v3,ppo,1243,125000,87.1881180224536
LunarLanderContinuous-v3,ppo,1243,150000,116.24936321003159
LunarLanderContinuous-v3,ppo,1243,175000,107.9330917744827
LunarLanderContinuous-v3,ppo,1243,200000,140.27162876104066
LunarLanderContinuous-v3,ppo,1243,225000,120.23353498012234
LunarLanderContinuous-v3,ppo,1243,250000,153.6620268153926
LunarLanderContinuous-v3,ppo,1243,275000,155.67863645732874
LunarLanderContinuous-v3,ppo,1243,300000,200.87854544252878
LunarLanderContinuous-v3,ppo,1243,325000,153.3180152106663
LunarLanderContinuous-v3,ppo,1243,350000,207.70848927038452
LunarLanderContinuous-v3,ppo,1243,375000,233.64250082026092
LunarLanderContinuous-v3,ppo,1243,400000,200.1324908168552
LunarLanderContinuous-v3,ppo,1243,425000,174.82507849092264
LunarLanderContinuous-v3,ppo,1243,450000,202.45508234425907
LunarLanderContinuous-v3,ppo,1243,475000,192.55019709983392
LunarLanderContinuous-v3,ppo,1243,500000,187.04004038197684
LunarLanderContinuous-v3,ppo,1243,501760,175.09033359197315
LunarLanderContinuous-v3,es,1243,26962,-137.36840044273848
LunarLanderContinuous-v3,es,1243,51883,-136.9538399779074
LunarLanderContinuous-v3,es,1243,76100,-126.03988456479253
LunarLanderContinuous-v3,es,1243,100608,-102.17980184002718
LunarLanderContinuous-v3,es,1243,129033,-70.27674793374005
LunarLanderContinuous-v3,es,1243,151997,-42.20631502846411
LunarLanderContinuous-v3,es,1243,177640,-31.491084324472933
LunarLanderContinuous-v3,es,1243,202034,-13.954923009452937
LunarLanderContinuous-v3,es,1243,226270,-7.567277827534264
LunarLanderContinuous-v3,es,1243,251169,15.926860487118011
LunarLanderContinuous-v3,es,1243,280818,76.17417918971131
LunarLanderContinuous-v3,es,1243,300146,111.34383965313755
LunarLanderContinuous-v3,es,1243,329242,72.76052783838516
LunarLanderContinuous-v3,es,1243,350334,191.85186931336656
LunarLanderContinuous-v3,es,1243,378828,193.15322634014478
LunarLanderContinuous-v3,es,1243,403403,89.0772600709827
LunarLanderContinuous-v3,es,1243,426745,164.2766925423248
LunarLanderContinuous-v3,es,1243,456589,160.73424169756063
LunarLanderContinuous-v3,es,1243,478128,131.6552156032672
LunarLanderContinuous-v3,es,1243,500254,221.92417469993308
LunarLanderContinuous-v3,es,1243,500254,221.92417469993308
LunarLanderContinuous-v3,cmaes,1243,25000,-155.14956562319767
LunarLanderContinuous-v3,cmaes,1243,52105,-122.09846007340673
LunarLanderContinuous-v3,cmaes,1243,77993,-175.69186895830236
LunarLanderContinuous-v3,cmaes,1243,100710,-113.86431719071008
LunarLanderContinuous-v3,cmaes,1243,125321,-75.91880899025597
LunarLanderContinuous-v3,cmaes,1243,155592,4.513959361062943
LunarLanderContinuous-v3,cmaes,1243,182486,-14.803958326914813
LunarLanderContinuous-v3,cmaes,1243,206744,58.86173268971154
LunarLanderContinuous-v3,cmaes,1243,225868,77.43946938779088
LunarLanderContinuous-v3,cmaes,1243,257270,87.72244660724314
LunarLanderContinuous-v3,cmaes,1243,280735,180.65889180449184
LunarLanderContinuous-v3,cmaes,1243,305690,54.68520610648492
LunarLanderContinuous-v3,cmaes,1243,338140,72.56831528598411
LunarLanderContinuous-v3,cmaes,1243,361498,202.20805389051702
LunarLanderContinuous-v3,cmaes,1243,379385,173.18299209046137
LunarLanderContinuous-v3,cmaes,1243,403883,220.84968357322373
LunarLanderContinuous-v3,cmaes,1243,435311,203.19286742746982
LunarLanderContinuous-v3,cmaes,1243,463763,229.3314843698328
LunarLanderContinuous-v3,cmaes,1243,476322,253.05593630866883
LunarLanderContinuous-v3,cmaes,1243,500102,272.0765994587782
LunarLanderContinuous-v3,cmaes,1243,500102,272.0765994587782
LunarLanderContinuous-v3,neat,1243,4558,-29.7867597353885
LunarLanderContinuous-v3,neat,1243,8604,-29.7867597353885
LunarLanderContinuous-v3,neat,1243,13538,19.492317742460926
LunarLanderContinuous-v3,neat,1243,17915,35.36803362690637
LunarLanderContinuous-v3,neat,1243,22994,35.36803362690637
LunarLanderContinuous-v3,neat,1243,28084,35.36803362690637
LunarLanderContinuous-v3,neat,1243,34916,214.52545616736074
LunarLanderContinuous-v3,neat,1243,41530,214.52545616736074
LunarLanderContinuous-v3,neat,1243,48634,236.46272853933112
LunarLanderContinuous-v3,neat,1243,57368,236.46272853933112
LunarLanderContinuous-v3,neat,1243,65834,285.2429886859109
LunarLanderContinuous-v3,neat,1243,73470,285.2429886859109
LunarLanderContinuous-v3,neat,1243,81174,285.2429886859109
LunarLanderContinuous-v3,neat,1243,88598,285.2429886859109
LunarLanderContinuous-v3,neat,1243,96392,285.2429886859109
LunarLanderContinuous-v3,neat,1243,103084,285.2429886859109
LunarLanderContinuous-v3,neat,1243,109755,285.2429886859109
LunarLanderContinuous-v3,neat,1243,117168,285.2429886859109
LunarLanderContinuous-v3,neat,1243,123166,285.2429886859109
LunarLanderContinuous-v3,neat,1243,129043,285.2429886859109
LunarLanderContinuous-v3,neat,1243,136079,285.2429886859109
LunarLanderContinuous-v3,neat,1243,142930,285.2429886859109
LunarLanderContinuous-v3,neat,1243,150005,285.2429886859109
LunarLanderContinuous-v3,neat,1243,157115,285.2429886859109
LunarLanderContinuous-v3,neat,1243,164656,298.26660996554506
LunarLanderContinuous-v3,neat,1243,172161,298.26660996554506
LunarLanderContinuous-v3,neat,1243,181937,298.26660996554506
LunarLanderContinuous-v3,neat,1243,188951,298.26660996554506
LunarLanderContinuous-v3,neat,1243,196534,298.26660996554506
LunarLanderContinuous-v3,neat,1243,207179,298.26660996554506
LunarLanderContinuous-v3,neat,1243,221174,298.26660996554506
LunarLanderContinuous-v3,neat,1243,234066,298.26660996554506
LunarLanderContinuous-v3,neat,1243,247790,298.26660996554506
LunarLanderContinuous-v3,neat,1243,259032,298.26660996554506
LunarLanderContinuous-v3,neat,1243,270030,298.26660996554506
LunarLanderContinuous-v3,neat,1243,281646,298.26660996554506
LunarLanderContinuous-v3,neat,1243,292338,298.26660996554506
LunarLanderContinuous-v3,neat,1243,305297,298.26660996554506
LunarLanderContinuous-v3,neat,1243,317980,311.1640195318456
LunarLanderContinuous-v3,neat,1243,331113,311.1640195318456
LunarLanderContinuous-v3,neat,1243,346930,311.1640195318456
LunarLanderContinuous-v3,neat,1243,364284,311.1640195318456
LunarLanderContinuous-v3,neat,1243,383727,311.1640195318456
LunarLanderContinuous-v3,neat,1243,400827,311.1640195318456
LunarLanderContinuous-v3,neat,1243,417196,311.1640195318456
LunarLanderContinuous-v3,neat,1243,432715,311.1640195318456
LunarLanderContinuous-v3,neat,1243,447008,311.1640195318456
LunarLanderContinuous-v3,neat,1243,461471,311.1640195318456
LunarLanderContinuous-v3,neat,1243,476908,311.1640195318456
LunarLanderContinuous-v3,neat,1243,495053,311.1640195318456
LunarLanderContinuous-v3,neat,1243,511135,311.1640195318456
LunarLanderContinuous-v3,ppo,1244,25000,-387.9738319192669
LunarLanderContinuous-v3,ppo,1244,50000,-246.00592005837217
LunarLanderContinuous-v3,ppo,1244,75000,-30.34190196395814
LunarLanderContinuous-v3,ppo,1244,100000,-71.22753638090913
LunarLanderContinuous-v3,ppo,1244,125000,26.901814006872392
LunarLanderContinuous-v3,ppo,1244,150000,126.96850201932973
LunarLanderContinuous-v3,ppo,1244,175000,130.63512945589707
LunarLanderContinuous-v3,ppo,1244,200000,211.63084658699646
LunarLanderContinuous-v3,ppo,1244,225000,203.47561413905504
LunarLanderContinuous-v3,ppo,1244,250000,242.71180945707505
LunarLanderContinuous-v3,ppo,1244,275000,207.49516699464735
LunarLanderContinuous-v3,ppo,1244,300000,225.78826392422434
LunarLanderContinuous-v3,ppo,1244,325000,228.26518422113176
LunarLanderContinuous-v3,ppo,1244,350000,237.48745388666794
LunarLanderContinuous-v3,ppo,1244,375000,228.4544717465585
LunarLanderContinuous-v3,ppo,1244,400000,212.41866660807378
LunarLanderContinuous-v3,ppo,1244,425000,219.19432777630973
LunarLanderContinuous-v3,ppo,1244,450000,187.39731453196572
LunarLanderContinuous-v3,ppo,1244,475000,177.92240850081134
LunarLanderContinuous-v3,ppo,1244,500000,219.9717149616612
LunarLanderContinuous-v3,ppo,1244,501760,210.8985261118126
LunarLanderContinuous-v3,es,1244,26874,-215.94776976318454
LunarLanderContinuous-v3,es,1244,52782,-147.78072607559926
LunarLanderContinuous-v3,es,1244,77066,-144.97228557261693
LunarLanderContinuous-v3,es,1244,100794,-132.90642472457097
LunarLanderContinuous-v3,es,1244,125133,-102.82968584512699
LunarLanderContinuous-v3,es,1244,150554,-87.63547573631878
LunarLanderContinuous-v3,es,1244,176912,-41.333452419092154
LunarLanderContinuous-v3,es,1244,201215,-29.010023602733042
LunarLanderContinuous-v3,es,1244,229234,45.62889865568513
LunarLanderContinuous-v3,es,1244,256630,118.51570733592007
LunarLanderContinuous-v3,es,1244,282403,93.6894179479198
LunarLanderContinuous-v3,es,1244,309183,144.68342071256774
LunarLanderContinuous-v3,es,1244,330666,140.60111869825096
LunarLanderContinuous-v3,es,1244,358710,183.25438343783537
LunarLanderContinuous-v3,es,1244,375874,151.02356883856476
LunarLanderContinuous-v3,es,1244,405597,144.21523007179172
LunarLanderContinuous-v3,es,1244,432606,174.14650925425676
LunarLanderContinuous-v3,es,1244,453952,188.0778260914696
LunarLanderContinuous-v3,es,1244,483917,208.55647315658604
LunarLanderContinuous-v3,es,1244,500199,164.23343813813617
LunarLanderContinuous-v3,es,1244,500199,164.23343813813617
LunarLanderContinuous-v3,cmaes,1244,26261,-146.6565484906045
LunarLanderContinuous-v3,cmaes,1244,52909,-96.4690197523836
LunarLanderContinuous-v3,cmaes,1244,75338,-40.51029284534452
LunarLanderContinuous-v3,cmaes,1244,103535,66.16397428285265
LunarLanderContinuous-v3,cmaes,1244,129606,155.4935176818483
LunarLanderContinuous-v3,cmaes,1244,157182,183.04250319518002
LunarLanderContinuous-v3,cmaes,1244,180745,237.80243476932438
LunarLanderContinuous-v3,cmaes,1244,206666,200.32405256000212
LunarLanderContinuous-v3,cmaes,1244,230733,135.31564334644204
LunarLanderContinuous-v3,cmaes,1244,257207,100.26842127051155
LunarLanderContinuous-v3,cmaes,1244,281611,126.09896418351941
LunarLanderContinuous-v3,cmaes,1244,303789,157.61334131274413
LunarLanderContinuous-v3,cmaes,1244,327185,122.03763492350917
LunarLanderContinuous-v3,cmaes,1244,353373,153.22891532271325
LunarLanderContinuous-v3,cmaes,1244,385340,221.365760900126
LunarLanderContinuous-v3,cmaes,1244,402565,212.43883632376554
LunarLanderContinuous-v3,cmaes,1244,436221,166.5158411686214
LunarLanderContinuous-v3,cmaes,1244,469230,262.9903230237587
LunarLanderContinuous-v3,cmaes,1244,485003,263.3989589052436
LunarLanderContinuous-v3,cmaes,1244,500426,261.46106615083033
LunarLanderContinuous-v3,cmaes,1244,500426,261.46106615083033
LunarLanderContinuous-v3,neat,1244,4815,-122.1063237823484
LunarLanderContinuous-v3,neat,1244,9394,-0.438332062033183
LunarLanderContinuous-v3,neat,1244,14198,-0.438332062033183
LunarLanderContinuous-v3,neat,1244,19079,43.79442631920787
LunarLanderContinuous-v3,neat,1244,24288,43.79442631920787
LunarLanderContinuous-v3,neat,1244,30102,43.79442631920787
LunarLanderContinuous-v3,neat,1244,39792,44.01798825408818
LunarLanderContinuous-v3,neat,1244,50450,240.09826120790214
LunarLanderContinuous-v3,neat,1244,59148,278.5777372276992
LunarLanderContinuous-v3,neat,1244,67524,278.5777372276992
LunarLanderContinuous-v3,neat,1244,81923,278.5777372276992
LunarLanderContinuous-v3,neat,1244,92608,278.5777372276992
LunarLanderContinuous-v3,neat,1244,102156,278.5777372276992
LunarLanderContinuous-v3,neat,1244,114091,278.5777372276992
LunarLanderContinuous-v3,neat,1244,127654,278.5777372276992
LunarLanderContinuous-v3,neat,1244,137390,278.5777372276992
LunarLanderContinuous-v3,neat,1244,148396,278.5777372276992
LunarLanderContinuous-v3,neat,1244,157604,278.5777372276992
LunarLanderContinuous-v3,neat,1244,169622,278.5777372276992
LunarLanderContinuous-v3,neat,1244,181953,278.5777372276992
LunarLanderContinuous-v3,neat,1244,195655,278.5777372276992
LunarLanderContinuous-v3,neat,1244,206668,278.5777372276992
LunarLanderContinuous-v3,neat,1244,217924,278.5777372276992
LunarLanderContinuous-v3,neat,1244,232064,278.5777372276992
LunarLanderContinuous-v3,neat,1244,245563,278.5777372276992
LunarLanderContinuous-v3,neat,1244,258338,278.5777372276992
LunarLanderContinuous-v3,neat,1244,271509,286.7081905373299
LunarLanderContinuous-v3,neat,1244,282083,286.7081905373299
LunarLanderContinuous-v3,neat,1244,291876,286.7081905373299
LunarLanderContinuous-v3,neat,1244,303242,286.7081905373299
LunarLanderContinuous-v3,neat,1244,316013,292.5709420769408
LunarLanderContinuous-v3,neat,1244,325772,292.5709420769408
LunarLanderContinuous-v3,neat,1244,337798,292.5709420769408
LunarLanderContinuous-v3,neat,1244,348260,292.5709420769408
LunarLanderContinuous-v3,neat,1244,359694,292.5709420769408
LunarLanderContinuous-v3,neat,1244,371751,292.5709420769408
LunarLanderContinuous-v3,neat,1244,382482,292.5709420769408
LunarLanderContinuous-v3,neat,1244,392614,292.5709420769408
LunarLanderContinuous-v3,neat,1244,402289,292.5709420769408
LunarLanderContinuous-v3,neat,1244,411420,292.5709420769408
LunarLanderContinuous-v3,neat,1244,420969,292.5709420769408
LunarLanderContinuous-v3,neat,1244,430961,292.5709420769408
LunarLanderContinuous-v3,neat,1244,440469,292.5709420769408
LunarLanderContinuous-v3,neat,1244,451463,298.64531016658054
LunarLanderContinuous-v3,neat,1244,465746,298.64531016658054
LunarLanderContinuous-v3,neat,1244,478154,298.64531016658054
LunarLanderContinuous-v3,neat,1244,491478,298.64531016658054
LunarLanderContinuous-v3,neat,1244,506755,298.64531016658054
LunarLanderContinuous-v3,ppo,1245,25000,-243.69326268151454
LunarLanderContinuous-v3,ppo,1245,50000,-38.07842913354621
LunarLanderContinuous-v3,ppo,1245,75000,-9.737632898348092
LunarLanderContinuous-v3,ppo,1245,100000,-53.72183597837433
LunarLanderContinuous-v3,ppo,1245,125000,-24.09595845043319
LunarLanderContinuous-v3,ppo,1245,150000,90.89089238007709
LunarLanderContinuous-v3,ppo,1245,175000,128.67230948847964
LunarLanderContinuous-v3,ppo,1245,200000,130.19832488107562
LunarLanderContinuous-v3,ppo,1245,225000,114.51537436596993
LunarLanderContinuous-v3,ppo,1245,250000,42.375562513541
LunarLanderContinuous-v3,ppo,1245,275000,60.87654354716775
LunarLanderContinuous-v3,ppo,1245,300000,42.843746581191624
LunarLanderContinuous-v3,ppo,1245,325000,115.74797263766155
LunarLanderContinuous-v3,ppo,1245,350000,138.63278259191586
LunarLanderContinuous-v3,ppo,1245,375000,165.57456165502998
LunarLanderContinuous-v3,ppo,1245,400000,148.27536772862481
LunarLanderContinuous-v3,ppo,1245,425000,162.54975077245842
LunarLanderContinuous-v3,ppo,1245,450000,166.7598185331196
LunarLanderContinuous-v3,ppo,1245,475000,161.92487379291063
LunarLanderContinuous-v3,ppo,1245,500000,171.85204885440794
LunarLanderContinuous-v3,ppo,1245,501760,147.52838988490652
LunarLanderContinuous-v3,es,1245,25505,-140.7235237921453
LunarLanderContinuous-v3,es,1245,51631,-125.03144237600623
LunarLanderContinuous-v3,es,1245,77319,-130.05209979752982
LunarLanderContinuous-v3,es,1245,101255,-140.17949312196248
LunarLanderContinuous-v3,es,1245,127348,-112.94207200242117
LunarLanderContinuous-v3,es,1245,154804,-64.44227323273552
LunarLanderContinuous-v3,es,1245,177078,-62.554668835133704
LunarLanderContinuous-v3,es,1245,202654,-58.66591654482393
LunarLanderContinuous-v3,es,1245,228122,-43.65138644229894
LunarLanderContinuous-v3,es,1245,251897,-27.250652034350093
LunarLanderContinuous-v3,es,1245,275005,-21.194922246976684
LunarLanderContinuous-v3,es,1245,302152,15.90134389360189
LunarLanderContinuous-v3,es,1245,330668,32.31706030071561
LunarLanderContinuous-v3,es,1245,353843,16.703698916693483
LunarLanderContinuous-v3,es,1245,375382,70.49646178819965
LunarLanderContinuous-v3,es,1245,400662,40.8737000226747
LunarLanderContinuous-v3,es,1245,433655,61.963944030738425
LunarLanderContinuous-v3,es,1245,455331,89.53435401064715
LunarLanderContinuous-v3,es,1245,475097,134.1292247364358
LunarLanderContinuous-v3,es,1245,500601,128.0992500959801
LunarLanderContinuous-v3,es,1245,500601,128.0992500959801
LunarLanderContinuous-v3,cmaes,1245,25497,-133.6207609949125
LunarLanderContinuous-v3,cmaes,1245,54233,-52.15823211723982
LunarLanderContinuous-v3,cmaes,1245,75378,-33.61299454312117
LunarLanderContinuous-v3,cmaes,1245,102796,55.685409085041684
LunarLanderContinuous-v3,cmaes,1245,127186,17.089276362105302
LunarLanderContinuous-v3,cmaes,1245,156393,42.37613628678786
LunarLanderContinuous-v3,cmaes,1245,180006,79.26255576554902
LunarLanderContinuous-v3,cmaes,1245,205591,88.08653485214367
LunarLanderContinuous-v3,cmaes,1245,231347,71.86196374882283
LunarLanderContinuous-v3,cmaes,1245,258885,90.92061288602756
LunarLanderContinuous-v3,cmaes,1245,279684,45.183040099585185
LunarLanderContinuous-v3,cmaes,1245,305135,113.28373865751914
LunarLanderContinuous-v3,cmaes,1245,330632,189.67803159958675
LunarLanderContinuous-v3,cmaes,1245,360543,192.27325621579803
LunarLanderContinuous-v3,cmaes,1245,387045,223.08586883146336
LunarLanderContinuous-v3,cmaes,1245,402285,205.91518387803362
LunarLanderContinuous-v3,cmaes,1245,432037,207.64478097060768
LunarLanderContinuous-v3,cmaes,1245,463373,198.43975173313137
LunarLanderContinuous-v3,cmaes,1245,480459,185.3989107897512
LunarLanderContinuous-v3,cmaes,1245,500637,218.74246521381232
LunarLanderContinuous-v3,cmaes,1245,500637,218.74246521381232
LunarLanderContinuous-v3,neat,1245,5028,-104.85058740250348
LunarLanderContinuous-v3,neat,1245,10230,-82.61901713446369
LunarLanderContinuous-v3,neat,1245,15790,-67.24477157105292
LunarLanderContinuous-v3,neat,1245,21431,-17.02175917080747
LunarLanderContinuous-v3,neat,1245,27748,-17.02175917080747
LunarLanderContinuous-v3,neat,1245,36102,-17.02175917080747
LunarLanderContinuous-v3,neat,1245,42058,21.0737935710646
LunarLanderContinuous-v3,neat,1245,48902,21.0737935710646
LunarLanderContinuous-v3,neat,1245,55489,21.0737935710646
LunarLanderContinuous-v3,neat,1245,61977,29.365368729624066
LunarLanderContinuous-v3,neat,1245,68630,29.365368729624066
LunarLanderContinuous-v3,neat,1245,74984,29.365368729624066
LunarLanderContinuous-v3,neat,1245,80319,29.365368729624066
LunarLanderContinuous-v3,neat,1245,86319,29.365368729624066
LunarLanderContinuous-v3,neat,1245,92341,29.365368729624066
LunarLanderContinuous-v3,neat,1245,97998,35.09912102351126
LunarLanderContinuous-v3,neat,1245,103813,48.9507204356631
LunarLanderContinuous-v3,neat,1245,109359,49.31034259599264
LunarLanderContinuous-v3,neat,1245,114822,49.31034259599264
LunarLanderContinuous-v3,neat,1245,120676,49.31034259599264
LunarLanderContinuous-v3,neat,1245,127108,49.31034259599264
LunarLanderContinuous-v3,neat,1245,132582,49.31034259599264
LunarLanderContinuous-v3,neat,1245,137671,49.31034259599264
LunarLanderContinuous-v3,neat,1245,143036,49.31034259599264
LunarLanderContinuous-v3,neat,1245,148980,49.31034259599264
LunarLanderContinuous-v3,neat,1245,154383,49.31034259599264
LunarLanderContinuous-v3,neat,1245,159758,87.94671034463727
LunarLanderContinuous-v3,neat,1245,166590,186.50782415714644
LunarLanderContinuous-v3,neat,1245,173027,186.50782415714644
LunarLanderContinuous-v3,neat,1245,180237,198.04106093522228
LunarLanderContinuous-v3,neat,1245,188432,198.04106093522228
LunarLanderContinuous-v3,neat,1245,199032,199.66043767103957
LunarLanderContinuous-v3,neat,1245,213510,258.9761049957426
LunarLanderContinuous-v3,neat,1245,225048,258.9761049957426
LunarLanderContinuous-v3,neat,1245,234826,264.1072844654108
LunarLanderContinuous-v3,neat,1245,248175,279.43367733292393
LunarLanderContinuous-v3,neat,1245,258475,294.48564849606873
LunarLanderContinuous-v3,neat,1245,271596,294.48564849606873
LunarLanderContinuous-v3,neat,1245,284416,294.48564849606873
LunarLanderContinuous-v3,neat,1245,296291,294.48564849606873
LunarLanderContinuous-v3,neat,1245,303942,294.48564849606873
LunarLanderContinuous-v3,neat,1245,312405,294.48564849606873
LunarLanderContinuous-v3,neat,1245,320052,294.48564849606873
LunarLanderContinuous-v3,neat,1245,331203,294.48564849606873
LunarLanderContinuous-v3,neat,1245,342558,304.736038582416
LunarLanderContinuous-v3,neat,1245,352605,304.736038582416
LunarLanderContinuous-v3,neat,1245,365098,304.736038582416
LunarLanderContinuous-v3,neat,1245,379097,304.736038582416
LunarLanderContinuous-v3,neat,1245,393842,304.736038582416
LunarLanderContinuous-v3,neat,1245,405615,304.736038582416
LunarLanderContinuous-v3,neat,1245,416426,304.736038582416
LunarLanderContinuous-v3,neat,1245,426105,304.736038582416
LunarLanderContinuous-v3,neat,1245,435114,304.736038582416
LunarLanderContinuous-v3,neat,1245,448175,304.736038582416
LunarLanderContinuous-v3,neat,1245,458521,304.736038582416
LunarLanderContinuous-v3,neat,1245,470308,304.736038582416
LunarLanderContinuous-v3,neat,1245,483401,304.736038582416
LunarLanderContinuous-v3,neat,1245,498910,304.736038582416
LunarLanderContinuous-v3,neat,1245,511052,304.736038582416
LunarLanderContinuous-v3,ppo,1246,25000,-206.15208854128986
LunarLanderContinuous-v3,ppo,1246,50000,-192.39106053733354
LunarLanderContinuous-v3,ppo,1246,75000,-233.59860922451793
LunarLanderContinuous-v3,ppo,1246,100000,58.38521312939017
LunarLanderContinuous-v3,ppo,1246,125000,108.26562523472364
LunarLanderContinuous-v3,ppo,1246,150000,89.50243779007329
LunarLanderContinuous-v3,ppo,1246,175000,143.97466268096804
LunarLanderContinuous-v3,ppo,1246,200000,143.74505749447135
LunarLanderContinuous-v3,ppo,1246,225000,66.82773917210712
LunarLanderContinuous-v3,ppo,1246,250000,141.95335015973677
LunarLanderContinuous-v3,ppo,1246,275000,106.83867117966436
LunarLanderContinuous-v3,ppo,1246,300000,156.36371065573294
LunarLanderContinuous-v3,ppo,1246,325000,100.06787959308633
LunarLanderContinuous-v3,ppo,1246,350000,150.32557950234823
LunarLanderContinuous-v3,ppo,1246,375000,163.6075712420235
LunarLanderContinuous-v3,ppo,1246,400000,177.57027132475702
LunarLanderContinuous-v3,ppo,1246,425000,167.01997669317922
LunarLanderContinuous-v3,ppo,1246,450000,204.62191638293007
LunarLanderContinuous-v3,ppo,1246,475000,177.61689739244437
LunarLanderContinuous-v3,ppo,1246,500000,195.6552211744917
LunarLanderContinuous-v3,ppo,1246,501760,198.48104135850997
LunarLanderContinuous-v3,es,1246,27623,-117.56645840468532
LunarLanderContinuous-v3,es,1246,51818,-118.8441220851289
LunarLanderContinuous-v3,es,1246,77028,-83.7050244549074
LunarLanderContinuous-v3,es,1246,102995,-77.29461448539173
LunarLanderContinuous-v3,es,1246,125060,-47.54781725318969
LunarLanderContinuous-v3,es,1246,151786,-24.2885339045825
LunarLanderContinuous-v3,es,1246,178597,-4.0309103597014495
LunarLanderContinuous-v3,es,1246,202292,87.52837687926872
LunarLanderContinuous-v3,es,1246,233155,114.02248721316634
LunarLanderContinuous-v3,es,1246,257216,129.5651334564343
LunarLanderContinuous-v3,es,1246,279346,117.210907878091
LunarLanderContinuous-v3,es,1246,308708,235.43708165002272
LunarLanderContinuous-v3,es,1246,332648,216.6108756722803
LunarLanderContinuous-v3,es,1246,354918,220.59130779372458
LunarLanderContinuous-v3,es,1246,375377,254.61215619174254
LunarLanderContinuous-v3,es,1246,404339,258.0364582035856
LunarLanderContinuous-v3,es,1246,434439,266.74110472372405
LunarLanderContinuous-v3,es,1246,461021,264.65799430748774
LunarLanderContinuous-v3,es,1246,490456,267.9089881829462
LunarLanderContinuous-v3,es,1246,500017,268.6904475026596
LunarLanderContinuous-v3,es,1246,500017,268.6904475026596
LunarLanderContinuous-v3,cmaes,1246,26665,-114.0885360204035
LunarLanderContinuous-v3,cmaes,1246,52864,-85.65655402302015
LunarLanderContinuous-v3,cmaes,1246,77624,-28.512547573065284
LunarLanderContinuous-v3,cmaes,1246,103584,-56.0316328491087
LunarLanderContinuous-v3,cmaes,1246,131287,66.28492768579767
LunarLanderContinuous-v3,cmaes,1246,151523,95.90638421993472
LunarLanderContinuous-v3,cmaes,1246,185805,159.88008701493203
LunarLanderContinuous-v3,cmaes,1246,201289,174.44187550917277
LunarLanderContinuous-v3,cmaes,1246,234340,261.5002537232637
LunarLanderContinuous-v3,cmaes,1246,252143,256.3948923041753
LunarLanderContinuous-v3,cmaes,1246,285219,268.18009736597907
LunarLanderContinuous-v3,cmaes,1246,301404,272.0281321674022
LunarLanderContinuous-v3,cmaes,1246,325212,268.2533154122748
LunarLanderContinuous-v3,cmaes,1246,357943,265.58659654809156
LunarLanderContinuous-v3,cmaes,1246,379231,271.28386238360883
LunarLanderContinuous-v3,cmaes,1246,403570,269.91667529415804
LunarLanderContinuous-v3,cmaes,1246,434245,267.1926306595145
LunarLanderContinuous-v3,cmaes,1246,451429,271.0135884205638
LunarLanderContinuous-v3,cmaes,1246,485691,274.2508101451573
LunarLanderContinuous-v3,cmaes,1246,500521,270.27913585282374
LunarLanderContinuous-v3,cmaes,1246,500521,270.27913585282374
LunarLanderContinuous-v3,neat,1246,5445,-139.02615386051542
LunarLanderContinuous-v3,neat,1246,11004,-139.02615386051542
LunarLanderContinuous-v3,neat,1246,16343,-21.162900541213048
LunarLanderContinuous-v3,neat,1246,23333,3.120376711817485
LunarLanderContinuous-v3,neat,1246,29650,3.120376711817485
LunarLanderContinuous-v3,neat,1246,36264,23.232049684678856
LunarLanderContinuous-v3,neat,1246,42905,23.232049684678856
LunarLanderContinuous-v3,neat,1246,51804,204.7358257549608
LunarLanderContinuous-v3,neat,1246,60357,240.40026494720877
LunarLanderContinuous-v3,neat,1246,72596,240.40026494720877
LunarLanderContinuous-v3,neat,1246,85452,240.40026494720877
LunarLanderContinuous-v3,neat,1246,98709,240.40026494720877
LunarLanderContinuous-v3,neat,1246,111886,242.43197572258035
LunarLanderContinuous-v3,neat,1246,125709,242.43197572258035
LunarLanderContinuous-v3,neat,1246,136815,242.43197572258035
LunarLanderContinuous-v3,neat,1246,150885,242.43197572258035
LunarLanderContinuous-v3,neat,1246,161805,242.43197572258035
LunarLanderContinuous-v3,neat,1246,174570,242.43197572258035
LunarLanderContinuous-v3,neat,1246,187064,242.43197572258035
LunarLanderContinuous-v3,neat,1246,200738,246.53918330918438
LunarLanderContinuous-v3,neat,1246,211153,253.8376748542557
LunarLanderContinuous-v3,neat,1246,223200,253.8376748542557
LunarLanderContinuous-v3,neat,1246,235505,253.8376748542557
LunarLanderContinuous-v3,neat,1246,249909,253.8376748542557
LunarLanderContinuous-v3,neat,1246,263743,253.8376748542557
LunarLanderContinuous-v3,neat,1246,274626,253.8376748542557
LunarLanderContinuous-v3,neat,1246,285115,253.8376748542557
LunarLanderContinuous-v3,neat,1246,297439,253.87071594846105
LunarLanderContinuous-v3,neat,1246,309509,253.87071594846105
LunarLanderContinuous-v3,neat,1246,321736,253.87071594846105
LunarLanderContinuous-v3,neat,1246,334613,253.87071594846105
LunarLanderContinuous-v3,neat,1246,346024,253.87071594846105
LunarLanderContinuous-v3,neat,1246,359330,253.87071594846105
LunarLanderContinuous-v3,neat,1246,371271,253.87071594846105
LunarLanderContinuous-v3,neat,1246,383813,257.3064977538726
LunarLanderContinuous-v3,neat,1246,396666,257.3064977538726
LunarLanderContinuous-v3,neat,1246,409672,257.3064977538726
LunarLanderContinuous-v3,neat,1246,422441,258.23146870827736
LunarLanderContinuous-v3,neat,1246,434327,258.23146870827736
LunarLanderContinuous-v3,neat,1246,447120,258.23146870827736
LunarLanderContinuous-v3,neat,1246,460776,258.23146870827736
LunarLanderContinuous-v3,neat,1246,472777,258.23146870827736
LunarLanderContinuous-v3,neat,1246,484719,258.23146870827736
LunarLanderContinuous-v3,neat,1246,496071,258.23146870827736
LunarLanderContinuous-v3,neat,1246,508672,258.23146870827736
LunarLanderContinuous-v3,ppo,1247,25000,-237.3621216304406
LunarLanderContinuous-v3,ppo,1247,50000,-280.80531430109494
LunarLanderContinuous-v3,ppo,1247,75000,22.051057419828368
LunarLanderContinuous-v3,ppo,1247,100000,100.09632862827746
LunarLanderContinuous-v3,ppo,1247,125000,140.58703119201914
LunarLanderContinuous-v3,ppo,1247,150000,165.51106938809158
LunarLanderContinuous-v3,ppo,1247,175000,173.25825666842925
LunarLanderContinuous-v3,ppo,1247,200000,151.49187653646663
LunarLanderContinuous-v3,ppo,1247,225000,137.83553255611844
LunarLanderContinuous-v3,ppo,1247,250000,119.4117974164839
LunarLanderContinuous-v3,ppo,1247,275000,118.51818799230614
LunarLanderContinuous-v3,ppo,1247,300000,175.0523240814953
LunarLanderContinuous-v3,ppo,1247,325000,194.10433532226062
LunarLanderContinuous-v3,ppo,1247,350000,181.16981619207155
LunarLanderContinuous-v3,ppo,1247,375000,189.7410732570778
LunarLanderContinuous-v3,ppo,1247,400000,186.104147812653
LunarLanderContinuous-v3,ppo,1247,425000,194.92955675686068
LunarLanderContinuous-v3,ppo,1247,450000,195.1731882437481
LunarLanderContinuous-v3,ppo,1247,475000,196.57833194960787
LunarLanderContinuous-v3,ppo,1247,500000,181.52668902291273
LunarLanderContinuous-v3,ppo,1247,501760,204.44240359982552
LunarLanderContinuous-v3,es,1247,25253,-141.1187679224928
LunarLanderContinuous-v3,es,1247,51874,-140.8465014122458
LunarLanderContinuous-v3,es,1247,75011,-137.524194596961
LunarLanderContinuous-v3,es,1247,102583,-118.29184934111825
LunarLanderContinuous-v3,es,1247,127531,-92.28905413347329
LunarLanderContinuous-v3,es,1247,150354,-81.56709404878647
LunarLanderContinuous-v3,es,1247,177070,-54.60770547423613
LunarLanderContinuous-v3,es,1247,200641,-32.24867152308611
LunarLanderContinuous-v3,es,1247,227108,-5.238497880896819
LunarLanderContinuous-v3,es,1247,251075,-1.801085106215328
LunarLanderContinuous-v3,es,1247,281863,31.708547897648238
LunarLanderContinuous-v3,es,1247,309255,33.03945188198594
LunarLanderContinuous-v3,es,1247,337603,45.56408805908701
LunarLanderContinuous-v3,es,1247,352344,18.27806485914739
LunarLanderContinuous-v3,es,1247,381786,49.77384984050186
LunarLanderContinuous-v3,es,1247,401520,68.72734564736125
LunarLanderContinuous-v3,es,1247,446978,102.42819565416019
LunarLanderContinuous-v3,es,1247,469870,64.14258232926527
LunarLanderContinuous-v3,es,1247,492299,65.45597861112734
LunarLanderContinuous-v3,es,1247,500090,123.68973019698419
LunarLanderContinuous-v3,es,1247,500090,123.68973019698419
LunarLanderContinuous-v3,cmaes,1247,25771,-137.7085474550074
LunarLanderContinuous-v3,cmaes,1247,51024,-103.66183607263793
LunarLanderContinuous-v3,cmaes,1247,76151,-116.69903357567378
LunarLanderContinuous-v3,cmaes,1247,103041,-79.34845460666438
LunarLanderContinuous-v3,cmaes,1247,125368,-50.72215201557696
LunarLanderContinuous-v3,cmaes,1247,154620,-77.50852960564671
LunarLanderContinuous-v3,cmaes,1247,179520,36.58275062394813
LunarLanderContinuous-v3,cmaes,1247,205821,163.4278503354896
LunarLanderContinuous-v3,cmaes,1247,226457,63.61561502967369
LunarLanderContinuous-v3,cmaes,1247,253798,114.93061738963704
LunarLanderContinuous-v3,cmaes,1247,286063,145.28397531756198
LunarLanderContinuous-v3,cmaes,1247,308651,129.01961296937185
LunarLanderContinuous-v3,cmaes,1247,329564,247.68572065613353
LunarLanderContinuous-v3,cmaes,1247,351668,190.51644081786156
LunarLanderContinuous-v3,cmaes,1247,378048,148.32672629713286
LunarLanderContinuous-v3,cmaes,1247,401010,254.0847350065315
LunarLanderContinuous-v3,cmaes,1247,432325,250.55123460206838
LunarLanderContinuous-v3,cmaes,1247,462107,258.41287956007244
LunarLanderContinuous-v3,cmaes,1247,479239,263.9298545413764
LunarLanderContinuous-v3,cmaes,1247,500057,251.25808263090002
LunarLanderContinuous-v3,cmaes,1247,500057,251.25808263090002
LunarLanderContinuous-v3,neat,1247,5352,-152.25637056805832
LunarLanderContinuous-v3,neat,1247,10547,-21.192205467889323
LunarLanderContinuous-v3,neat,1247,16003,23.13454363496544
LunarLanderContinuous-v3,neat,1247,22115,23.13454363496544
LunarLanderContinuous-v3,neat,1247,27352,23.13454363496544
LunarLanderContinuous-v3,neat,1247,32725,23.13454363496544
LunarLanderContinuous-v3,neat,1247,39045,23.13454363496544
LunarLanderContinuous-v3,neat,1247,44515,23.13454363496544
LunarLanderContinuous-v3,neat,1247,49656,23.13454363496544
LunarLanderContinuous-v3,neat,1247,55063,23.13454363496544
LunarLanderContinuous-v3,neat,1247,61425,23.13454363496544
LunarLanderContinuous-v3,neat,1247,66709,23.13454363496544
LunarLanderContinuous-v3,neat,1247,72401,23.13454363496544
LunarLanderContinuous-v3,neat,1247,78354,23.13454363496544
LunarLanderContinuous-v3,neat,1247,83701,23.13454363496544
LunarLanderContinuous-v3,neat,1247,88933,23.13454363496544
LunarLanderContinuous-v3,neat,1247,94168,23.13454363496544
LunarLanderContinuous-v3,neat,1247,99686,23.13454363496544
LunarLanderContinuous-v3,neat,1247,104603,23.13454363496544
LunarLanderContinuous-v3,neat,1247,109481,25.357211612708383
LunarLanderContinuous-v3,neat,1247,114511,28.418878942258118
LunarLanderContinuous-v3,neat,1247,120072,28.418878942258118
LunarLanderContinuous-v3,neat,1247,125321,28.418878942258118
LunarLanderContinuous-v3,neat,1247,131146,28.418878942258118
LunarLanderContinuous-v3,neat,1247,136309,29.14721025629018
LunarLanderContinuous-v3,neat,1247,141479,29.14721025629018
LunarLanderContinuous-v3,neat,1247,146861,29.14721025629018
LunarLanderContinuous-v3,neat,1247,152660,29.14721025629018
LunarLanderContinuous-v3,neat,1247,158484,29.14721025629018
LunarLanderContinuous-v3,neat,1247,164693,29.14721025629018
LunarLanderContinuous-v3,neat,1247,171395,29.14721025629018
LunarLanderContinuous-v3,neat,1247,178381,29.14721025629018
LunarLanderContinuous-v3,neat,1247,183881,29.14721025629018
LunarLanderContinuous-v3,neat,1247,191131,29.14721025629018
LunarLanderContinuous-v3,neat,1247,199048,208.82016840912058
LunarLanderContinuous-v3,neat,1247,205587,208.82016840912058
LunarLanderContinuous-v3,neat,1247,211777,208.82016840912058
LunarLanderContinuous-v3,neat,1247,220908,208.82016840912058
LunarLanderContinuous-v3,neat,1247,230681,234.38209691535766
LunarLanderContinuous-v3,neat,1247,238971,234.38209691535766
LunarLanderContinuous-v3,neat,1247,251465,234.38209691535766
LunarLanderContinuous-v3,neat,1247,260777,234.38209691535766
LunarLanderContinuous-v3,neat,1247,272548,234.38209691535766
LunarLanderContinuous-v3,neat,1247,284773,234.38209691535766
LunarLanderContinuous-v3,neat,1247,298774,238.01937033227097
LunarLanderContinuous-v3,neat,1247,312748,238.01937033227097
LunarLanderContinuous-v3,neat,1247,323094,245.01089455533656
LunarLanderContinuous-v3,neat,1247,337216,245.01089455533656
LunarLanderContinuous-v3,neat,1247,347858,245.01089455533656
LunarLanderContinuous-v3,neat,1247,362422,245.01089455533656
LunarLanderContinuous-v3,neat,1247,377753,245.01089455533656
LunarLanderContinuous-v3,neat,1247,391134,245.01089455533656
LunarLanderContinuous-v3,neat,1247,406621,245.01089455533656
LunarLanderContinuous-v3,neat,1247,419453,245.01089455533656
LunarLanderContinuous-v3,neat,1247,433225,256.30700309145476
LunarLanderContinuous-v3,neat,1247,445791,256.30700309145476
LunarLanderContinuous-v3,neat,1247,460907,256.30700309145476
LunarLanderContinuous-v3,neat,1247,476376,256.30700309145476
LunarLanderContinuous-v3,neat,1247,489857,256.30700309145476
LunarLanderContinuous-v3,neat,1247,504394,256.30700309145476
LunarLanderContinuous-v3,ppo,1248,25000,-111.74222674556879
LunarLanderContinuous-v3,ppo,1248,50000,-47.56188001968682
LunarLanderContinuous-v3,ppo,1248,75000,78.26740644742566
LunarLanderContinuous-v3,ppo,1248,100000,53.454908063609174
LunarLanderContinuous-v3,ppo,1248,125000,105.0368267462461
LunarLanderContinuous-v3,ppo,1248,150000,107.54134821993667
LunarLanderContinuous-v3,ppo,1248,175000,150.28536881795912
LunarLanderContinuous-v3,ppo,1248,200000,172.7187326670035
LunarLanderContinuous-v3,ppo,1248,225000,102.23348492054187
LunarLanderContinuous-v3,ppo,1248,250000,123.7844824666887
LunarLanderContinuous-v3,ppo,1248,275000,129.71346578230245
LunarLanderContinuous-v3,ppo,1248,300000,89.54278757649372
LunarLanderContinuous-v3,ppo,1248,325000,108.41098841589974
LunarLanderContinuous-v3,ppo,1248,350000,95.53694826092391
LunarLanderContinuous-v3,ppo,1248,375000,104.1683320396219
LunarLanderContinuous-v3,ppo,1248,400000,98.58068532642544
LunarLanderContinuous-v3,ppo,1248,425000,125.84985727058627
LunarLanderContinuous-v3,ppo,1248,450000,140.51383546324035
LunarLanderContinuous-v3,ppo,1248,475000,132.47949982696235
LunarLanderContinuous-v3,ppo,1248,500000,154.19478518600428
LunarLanderContinuous-v3,ppo,1248,501760,117.00094956208963
LunarLanderContinuous-v3,es,1248,27666,-140.09491705885847
LunarLanderContinuous-v3,es,1248,52622,-139.45126940068207
LunarLanderContinuous-v3,es,1248,75088,-137.9043672393103
LunarLanderContinuous-v3,es,1248,102335,-124.604776321221
LunarLanderContinuous-v3,es,1248,127626,-70.5333559181628
LunarLanderContinuous-v3,es,1248,152059,-47.63502277281741
LunarLanderContinuous-v3,es,1248,177640,-26.640873552676275
LunarLanderContinuous-v3,es,1248,204484,-22.999686481940103
LunarLanderContinuous-v3,es,1248,225069,-7.365273584529275
LunarLanderContinuous-v3,es,1248,254642,-1.2812574218332387
LunarLanderContinuous-v3,es,1248,279376,1.250125236279223
LunarLanderContinuous-v3,es,1248,303009,26.124826602031362
LunarLanderContinuous-v3,es,1248,330362,151.25399377071398
LunarLanderContinuous-v3,es,1248,350615,180.9175196501447
LunarLanderContinuous-v3,es,1248,384913,179.3011618252783
LunarLanderContinuous-v3,es,1248,405737,190.48667898775244
LunarLanderContinuous-v3,es,1248,432625,227.36246061921742
LunarLanderContinuous-v3,es,1248,459418,248.5193164621356
LunarLanderContinuous-v3,es,1248,489301,234.10517157429732
LunarLanderContinuous-v3,es,1248,500303,242.0425800732186
LunarLanderContinuous-v3,es,1248,500303,242.0425800732186
LunarLanderContinuous-v3,cmaes,1248,25835,-139.71837135196648
LunarLanderContinuous-v3,cmaes,1248,52313,-100.7301253700405
LunarLanderContinuous-v3,cmaes,1248,75470,-57.05471151538529
LunarLanderContinuous-v3,cmaes,1248,102414,50.39808939011353
LunarLanderContinuous-v3,cmaes,1248,132966,114.39794769846773
LunarLanderContinuous-v3,cmaes,1248,150718,169.87465546444258
LunarLanderContinuous-v3,cmaes,1248,182424,214.16795261187463
LunarLanderContinuous-v3,cmaes,1248,208523,263.4636050734148
LunarLanderContinuous-v3,cmaes,1248,237429,258.7095991487666
LunarLanderContinuous-v3,cmaes,1248,252826,266.5948463114657
LunarLanderContinuous-v3,cmaes,1248,279606,218.70194533679438
LunarLanderContinuous-v3,cmaes,1248,305452,253.02713146732285
LunarLanderContinuous-v3,cmaes,1248,334679,259.2452420143338
LunarLanderContinuous-v3,cmaes,1248,361395,264.78211791955545
LunarLanderContinuous-v3,cmaes,1248,378904,255.03605706366162
LunarLanderContinuous-v3,cmaes,1248,415389,254.69009508513608
LunarLanderContinuous-v3,cmaes,1248,425996,186.39088080098244
LunarLanderContinuous-v3,cmaes,1248,465572,262.1513725341852
LunarLanderContinuous-v3,cmaes,1248,479410,236.83390756911234
LunarLanderContinuous-v3,cmaes,1248,500078,258.3518140533129
LunarLanderContinuous-v3,cmaes,1248,500078,258.3518140533129
LunarLanderContinuous-v3,neat,1248,5315,-54.11413897347154
LunarLanderContinuous-v3,neat,1248,11319,-54.11413897347154
LunarLanderContinuous-v3,neat,1248,17431,-36.28894407374231
LunarLanderContinuous-v3,neat,1248,24872,-9.820789037618283
LunarLanderContinuous-v3,neat,1248,30864,2.9795486336368526
LunarLanderContinuous-v3,neat,1248,37046,2.9795486336368526
LunarLanderContinuous-v3,neat,1248,42775,10.071475747754036
LunarLanderContinuous-v3,neat,1248,48761,10.071475747754036
LunarLanderContinuous-v3,neat,1248,54725,10.071475747754036
LunarLanderContinuous-v3,neat,1248,61996,42.06686304879702
LunarLanderContinuous-v3,neat,1248,68920,42.06686304879702
LunarLanderContinuous-v3,neat,1248,75160,239.4603978217751
LunarLanderContinuous-v3,neat,1248,83345,239.4603978217751
LunarLanderContinuous-v3,neat,1248,91307,266.9399990642293
LunarLanderContinuous-v3,neat,1248,98047,266.9399990642293
LunarLanderContinuous-v3,neat,1248,105669,266.9399990642293
LunarLanderContinuous-v3,neat,1248,113147,266.9399990642293
LunarLanderContinuous-v3,neat,1248,119353,266.9399990642293
LunarLanderContinuous-v3,neat,1248,126635,266.9399990642293
LunarLanderContinuous-v3,neat,1248,133005,266.9399990642293
LunarLanderContinuous-v3,neat,1248,140345,266.9399990642293
LunarLanderContinuous-v3,neat,1248,147068,266.9399990642293
LunarLanderContinuous-v3,neat,1248,154631,266.9399990642293
LunarLanderContinuous-v3,neat,1248,161800,270.73124240666516
LunarLanderContinuous-v3,neat,1248,168972,270.73124240666516
LunarLanderContinuous-v3,neat,1248,181385,270.73124240666516
LunarLanderContinuous-v3,neat,1248,193327,270.73124240666516
LunarLanderContinuous-v3,neat,1248,204504,270.73124240666516
LunarLanderContinuous-v3,neat,1248,215503,270.73124240666516
LunarLanderContinuous-v3,neat,1248,228648,270.73124240666516
LunarLanderContinuous-v3,neat,1248,242521,270.73124240666516
LunarLanderContinuous-v3,neat,1248,253318,270.73124240666516
LunarLanderContinuous-v3,neat,1248,267658,270.73124240666516
LunarLanderContinuous-v3,neat,1248,283037,270.73124240666516
LunarLanderContinuous-v3,neat,1248,298974,281.10804112414235
LunarLanderContinuous-v3,neat,1248,313238,281.10804112414235
LunarLanderContinuous-v3,neat,1248,328162,281.10804112414235
LunarLanderContinuous-v3,neat,1248,340971,281.10804112414235
LunarLanderContinuous-v3,neat,1248,360545,281.10804112414235
LunarLanderContinuous-v3,neat,1248,379856,283.2213923748217
LunarLanderContinuous-v3,neat,1248,397081,283.2213923748217
LunarLanderContinuous-v3,neat,1248,414392,283.2213923748217
LunarLanderContinuous-v3,neat,1248,428683,283.2213923748217
LunarLanderContinuous-v3,neat,1248,444557,283.2213923748217
LunarLanderContinuous-v3,neat,1248,457065,283.2213923748217
LunarLanderContinuous-v3,neat,1248,474723,284.82158140866807
LunarLanderContinuous-v3,neat,1248,492074,284.82158140866807
LunarLanderContinuous-v3,neat,1248,507364,284.82158140866807
LunarLanderContinuous-v3,ppo,1249,25000,-214.72846922679574
LunarLanderContinuous-v3,ppo,1249,50000,-60.34149353879987
LunarLanderContinuous-v3,ppo,1249,75000,36.18836171842749
LunarLanderContinuous-v3,ppo,1249,100000,125.41575859428804
LunarLanderContinuous-v3,ppo,1249,125000,125.84925188200278
LunarLanderContinuous-v3,ppo,1249,150000,116.3924131491616
LunarLanderContinuous-v3,ppo,1249,175000,103.31922213168954
LunarLanderContinuous-v3,ppo,1249,200000,147.14519576543256
LunarLanderContinuous-v3,ppo,1249,225000,178.22286064841882
LunarLanderContinuous-v3,ppo,1249,250000,166.7295135766363
LunarLanderContinuous-v3,ppo,1249,275000,199.76771671277908
LunarLanderContinuous-v3,ppo,1249,300000,210.17482642717982
LunarLanderContinuous-v3,ppo,1249,325000,213.64096962818994
LunarLanderContinuous-v3,ppo,1249,350000,246.21893018544688
LunarLanderContinuous-v3,ppo,1249,375000,197.9914351786938
LunarLanderContinuous-v3,ppo,1249,400000,184.17650022563902
LunarLanderContinuous-v3,ppo,1249,425000,208.26617521298766
LunarLanderContinuous-v3,ppo,1249,450000,218.91663439134945
LunarLanderContinuous-v3,ppo,1249,475000,248.0566689428449
LunarLanderContinuous-v3,ppo,1249,500000,236.2054272242499
LunarLanderContinuous-v3,ppo,1249,501760,251.04591773940405
LunarLanderContinuous-v3,es,1249,25148,-148.04506634714642
LunarLanderContinuous-v3,es,1249,50864,-139.73742400561605
LunarLanderContinuous-v3,es,1249,77866,-117.20870723171868
LunarLanderContinuous-v3,es,1249,103028,-108.8605538321995
LunarLanderContinuous-v3,es,1249,127401,-80.9886865588307
LunarLanderContinuous-v3,es,1249,151523,-49.912307985342125
LunarLanderContinuous-v3,es,1249,176502,-38.138633935257424
LunarLanderContinuous-v3,es,1249,203701,25.207301178548676
LunarLanderContinuous-v3,es,1249,232153,165.07342606307887
LunarLanderContinuous-v3,es,1249,254033,172.03195788433732
LunarLanderContinuous-v3,es,1249,278551,207.8747957385843
LunarLanderContinuous-v3,es,1249,300197,210.56096343156577
LunarLanderContinuous-v3,es,1249,339561,269.8397759181638
LunarLanderContinuous-v3,es,1249,352548,274.3396513477772
LunarLanderContinuous-v3,es,1249,380234,268.86017684982903
LunarLanderContinuous-v3,es,1249,412514,269.37549432967313
LunarLanderContinuous-v3,es,1249,426815,270.9898186058772
LunarLanderContinuous-v3,es,1249,451546,262.9927658758168
LunarLanderContinuous-v3,es,1249,476539,272.7622557039945
LunarLanderContinuous-v3,es,1249,500028,265.64203135421
LunarLanderContinuous-v3,es,1249,500028,265.64203135421
LunarLanderContinuous-v3,cmaes,1249,27860,-133.73175734958716
LunarLanderContinuous-v3,cmaes,1249,51410,-130.30758486631584
LunarLanderContinuous-v3,cmaes,1249,75426,-123.60428270422346
LunarLanderContinuous-v3,cmaes,1249,101811,-70.99751362574833
LunarLanderContinuous-v3,cmaes,1249,126897,-16.448972100949252
LunarLanderContinuous-v3,cmaes,1249,151502,52.514974147749584
LunarLanderContinuous-v3,cmaes,1249,178345,-6.51157518046782
LunarLanderContinuous-v3,cmaes,1249,208164,95.40283442747882
LunarLanderContinuous-v3,cmaes,1249,228784,70.39275102377661
LunarLanderContinuous-v3,cmaes,1249,257165,143.80834053787487
LunarLanderContinuous-v3,cmaes,1249,279350,207.9082528866582
LunarLanderContinuous-v3,cmaes,1249,308700,192.41849051933815
LunarLanderContinuous-v3,cmaes,1249,335884,228.71716766913522
LunarLanderContinuous-v3,cmaes,1249,355073,247.84053473722514
LunarLanderContinuous-v3,cmaes,1249,390053,261.22764593971635
LunarLanderContinuous-v3,cmaes,1249,403488,267.1553508083962
LunarLanderContinuous-v3,cmaes,1249,432254,274.85457444072784
LunarLanderContinuous-v3,cmaes,1249,454840,272.27359523328084
LunarLanderContinuous-v3,cmaes,1249,486283,257.7886796880477
LunarLanderContinuous-v3,cmaes,1249,500067,273.53842494435366
LunarLanderContinuous-v3,cmaes,1249,500067,273.53842494435366
LunarLanderContinuous-v3,neat,1249,5251,-118.30512568441722
LunarLanderContinuous-v3,neat,1249,10900,235.15342201347374
LunarLanderContinuous-v3,neat,1249,18359,235.15342201347374
LunarLanderContinuous-v3,neat,1249,25609,235.15342201347374
LunarLanderContinuous-v3,neat,1249,31379,235.15342201347374
LunarLanderContinuous-v3,neat,1249,38445,235.15342201347374
LunarLanderContinuous-v3,neat,1249,47798,235.15342201347374
LunarLanderContinuous-v3,neat,1249,57585,235.15342201347374
LunarLanderContinuous-v3,neat,1249,69261,235.15342201347374
LunarLanderContinuous-v3,neat,1249,80661,235.15342201347374
LunarLanderContinuous-v3,neat,1249,91359,235.15342201347374
LunarLanderContinuous-v3,neat,1249,101931,235.15342201347374
LunarLanderContinuous-v3,neat,1249,111564,274.01726861434264
LunarLanderContinuous-v3,neat,1249,125363,274.01726861434264
LunarLanderContinuous-v3,neat,1249,136055,274.01726861434264
LunarLanderContinuous-v3,neat,1249,148710,274.01726861434264
LunarLanderContinuous-v3,neat,1249,159930,274.01726861434264
LunarLanderContinuous-v3,neat,1249,173301,274.01726861434264
LunarLanderContinuous-v3,neat,1249,186281,275.2155472237806
LunarLanderContinuous-v3,neat,1249,197971,275.2155472237806
LunarLanderContinuous-v3,neat,1249,211427,275.2155472237806
LunarLanderContinuous-v3,neat,1249,230616,275.2155472237806
LunarLanderContinuous-v3,neat,1249,251818,275.2155472237806
LunarLanderContinuous-v3,neat,1249,269128,275.2155472237806
LunarLanderContinuous-v3,neat,1249,285455,278.06143135659386
LunarLanderContinuous-v3,neat,1249,304420,278.06143135659386
LunarLanderContinuous-v3,neat,1249,322391,278.06143135659386
LunarLanderContinuous-v3,neat,1249,342302,278.06143135659386
LunarLanderContinuous-v3,neat,1249,361285,278.06143135659386
LunarLanderContinuous-v3,neat,1249,372978,278.06143135659386
LunarLanderContinuous-v3,neat,1249,388783,278.06143135659386
LunarLanderContinuous-v3,neat,1249,403500,278.06143135659386
LunarLanderContinuous-v3,neat,1249,422592,278.06143135659386
LunarLanderContinuous-v3,neat,1249,441095,278.4549135399324
LunarLanderContinuous-v3,neat,1249,459391,278.4549135399324
LunarLanderContinuous-v3,neat,1249,476850,278.74207400559044
LunarLanderContinuous-v3,neat,1249,489208,278.74207400559044
LunarLanderContinuous-v3,neat,1249,506967,278.74207400559044
LunarLanderContinuous-v3,ppo,1250,25000,-143.26714121853988
LunarLanderContinuous-v3,ppo,1250,50000,-352.6019037218196
LunarLanderContinuous-v3,ppo,1250,75000,-126.77606863988333
LunarLanderContinuous-v3,ppo,1250,100000,110.89200814284109
LunarLanderContinuous-v3,ppo,1250,125000,171.82532589822807
LunarLanderContinuous-v3,ppo,1250,150000,224.4319472435559
LunarLanderContinuous-v3,ppo,1250,175000,159.4526874588756
LunarLanderContinuous-v3,ppo,1250,200000,144.90774756427453
LunarLanderContinuous-v3,ppo,1250,225000,157.77450263300696
LunarLanderContinuous-v3,ppo,1250,250000,106.03143398202546
LunarLanderContinuous-v3,ppo,1250,275000,141.42111790860235
LunarLanderContinuous-v3,ppo,1250,300000,153.50102798212438
LunarLanderContinuous-v3,ppo,1250,325000,177.2264639651949
LunarLanderContinuous-v3,ppo,1250,350000,133.1554356230527
LunarLanderContinuous-v3,ppo,1250,375000,128.26763102355346
LunarLanderContinuous-v3,ppo,1250,400000,118.31318147345955
LunarLanderContinuous-v3,ppo,1250,425000,155.14112672308147
LunarLanderContinuous-v3,ppo,1250,450000,152.04503950018383
LunarLanderContinuous-v3,ppo,1250,475000,144.59713572041176
LunarLanderContinuous-v3,ppo,1250,500000,138.04668145932516
LunarLanderContinuous-v3,ppo,1250,501760,150.9931189616128
LunarLanderContinuous-v3,es,1250,26702,-126.43605416038119
LunarLanderContinuous-v3,es,1250,50101,-136.80862090061063
LunarLanderContinuous-v3,es,1250,76236,-118.43595581272132
LunarLanderContinuous-v3,es,1250,101274,-92.06990693405658
LunarLanderContinuous-v3,es,1250,128471,-45.301182201999204
LunarLanderContinuous-v3,es,1250,152169,-20.87709418912431
LunarLanderContinuous-v3,es,1250,177614,-26.761119959675888
LunarLanderContinuous-v3,es,1250,201181,4.484897548468885
LunarLanderContinuous-v3,es,1250,231029,30.857533085791935
LunarLanderContinuous-v3,es,1250,256840,89.66796454833127
LunarLanderContinuous-v3,es,1250,275664,50.498778478282986
LunarLanderContinuous-v3,es,1250,305083,157.99486408446984
LunarLanderContinuous-v3,es,1250,325759,119.58365456354913
LunarLanderContinuous-v3,es,1250,356655,128.47247645671348
LunarLanderContinuous-v3,es,1250,375618,194.4710633785387
LunarLanderContinuous-v3,es,1250,408272,255.84279857001465
LunarLanderContinuous-v3,es,1250,432149,238.53402019920986
LunarLanderContinuous-v3,es,1250,454586,197.83979331065575
LunarLanderContinuous-v3,es,1250,476406,203.97562772692967
LunarLanderContinuous-v3,es,1250,500138,239.82012356491606
LunarLanderContinuous-v3,es,1250,500138,239.82012356491606
LunarLanderContinuous-v3,cmaes,1250,27724,-108.78435240275576
LunarLanderContinuous-v3,cmaes,1250,52543,-142.01154345377387
LunarLanderContinuous-v3,cmaes,1250,77457,-69.9956812998349
LunarLanderContinuous-v3,cmaes,1250,102755,-29.606235988243714
LunarLanderContinuous-v3,cmaes,1250,130134,33.83164865603532
LunarLanderContinuous-v3,cmaes,1250,157204,57.97088873976999
LunarLanderContinuous-v3,cmaes,1250,177206,196.1152178498463
LunarLanderContinuous-v3,cmaes,1250,200310,98.8709949768369
LunarLanderContinuous-v3,cmaes,1250,225887,124.64397366972268
LunarLanderContinuous-v3,cmaes,1250,252020,145.3397486080342
LunarLanderContinuous-v3,cmaes,1250,278074,131.09057046832118
LunarLanderContinuous-v3,cmaes,1250,306308,252.43798448364242
LunarLanderContinuous-v3,cmaes,1250,335498,247.4299191090745
LunarLanderContinuous-v3,cmaes,1250,354128,203.81216747541208
LunarLanderContinuous-v3,cmaes,1250,378882,175.53273413976822
LunarLanderContinuous-v3,cmaes,1250,406349,224.4099909779497
LunarLanderContinuous-v3,cmaes,1250,425261,204.18973716854566
LunarLanderContinuous-v3,cmaes,1250,454707,206.98746513165648
LunarLanderContinuous-v3,cmaes,1250,480371,209.98614199348293
LunarLanderContinuous-v3,cmaes,1250,500159,141.26673190327895
LunarLanderContinuous-v3,cmaes,1250,500159,141.26673190327895
LunarLanderContinuous-v3,neat,1250,5013,-258.75562515329284
LunarLanderContinuous-v3,neat,1250,9376,-110.81153830731557
LunarLanderContinuous-v3,neat,1250,14306,-51.43063699850933
LunarLanderContinuous-v3,neat,1250,18682,-42.53389999579728
LunarLanderContinuous-v3,neat,1250,24409,-30.194698072092876
LunarLanderContinuous-v3,neat,1250,29495,-30.194698072092876
LunarLanderContinuous-v3,neat,1250,35553,-10.02216018391681
LunarLanderContinuous-v3,neat,1250,40762,-10.02216018391681
LunarLanderContinuous-v3,neat,1250,46220,153.8781993051569
LunarLanderContinuous-v3,neat,1250,52242,153.8781993051569
LunarLanderContinuous-v3,neat,1250,58583,153.8781993051569
LunarLanderContinuous-v3,neat,1250,64227,153.8781993051569
LunarLanderContinuous-v3,neat,1250,70425,174.25937786313585
LunarLanderContinuous-v3,neat,1250,77226,174.25937786313585
LunarLanderContinuous-v3,neat,1250,83535,174.25937786313585
LunarLanderContinuous-v3,neat,1250,90674,174.25937786313585
LunarLanderContinuous-v3,neat,1250,96918,178.51451170843353
LunarLanderContinuous-v3,neat,1250,103586,188.5963788147107
LunarLanderContinuous-v3,neat,1250,110638,188.5963788147107
LunarLanderContinuous-v3,neat,1250,117819,188.5963788147107
LunarLanderContinuous-v3,neat,1250,126192,188.5963788147107
LunarLanderContinuous-v3,neat,1250,134295,188.5963788147107
LunarLanderContinuous-v3,neat,1250,142074,188.5963788147107
LunarLanderContinuous-v3,neat,1250,150086,188.5963788147107
LunarLanderContinuous-v3,neat,1250,158088,188.5963788147107
LunarLanderContinuous-v3,neat,1250,164788,188.5963788147107
LunarLanderContinuous-v3,neat,1250,172184,188.5963788147107
LunarLanderContinuous-v3,neat,1250,180142,188.5963788147107
LunarLanderContinuous-v3,neat,1250,187248,188.5963788147107
LunarLanderContinuous-v3,neat,1250,195345,188.5963788147107
LunarLanderContinuous-v3,neat,1250,203003,189.49935876738775
LunarLanderContinuous-v3,neat,1250,211186,189.49935876738775
LunarLanderContinuous-v3,neat,1250,219110,195.33816659693582
LunarLanderContinuous-v3,neat,1250,228492,195.33816659693582
LunarLanderContinuous-v3,neat,1250,237163,195.33816659693582
LunarLanderContinuous-v3,neat,1250,246331,195.33816659693582
LunarLanderContinuous-v3,neat,1250,254970,195.33816659693582
LunarLanderContinuous-v3,neat,1250,264947,196.4510162189352
LunarLanderContinuous-v3,neat,1250,274712,196.4510162189352
LunarLanderContinuous-v3,neat,1250,283242,196.4510162189352
LunarLanderContinuous-v3,neat,1250,291465,196.4510162189352
LunarLanderContinuous-v3,neat,1250,301480,196.4510162189352
LunarLanderContinuous-v3,neat,1250,310462,196.4510162189352
LunarLanderContinuous-v3,neat,1250,321301,196.4510162189352
LunarLanderContinuous-v3,neat,1250,333351,196.4510162189352
LunarLanderContinuous-v3,neat,1250,342536,196.4510162189352
LunarLanderContinuous-v3,neat,1250,352145,196.88307204820276
LunarLanderContinuous-v3,neat,1250,360948,196.88307204820276
LunarLanderContinuous-v3,neat,1250,369162,196.88307204820276
LunarLanderContinuous-v3,neat,1250,377420,196.88307204820276
LunarLanderContinuous-v3,neat,1250,386641,196.88307204820276
LunarLanderContinuous-v3,neat,1250,394087,196.88307204820276
LunarLanderContinuous-v3,neat,1250,402062,196.88307204820276
LunarLanderContinuous-v3,neat,1250,412357,196.88307204820276
LunarLanderContinuous-v3,neat,1250,420179,196.88307204820276
LunarLanderContinuous-v3,neat,1250,428978,196.88307204820276
LunarLanderContinuous-v3,neat,1250,440120,196.88307204820276
LunarLanderContinuous-v3,neat,1250,449447,196.88307204820276
LunarLanderContinuous-v3,neat,1250,460877,196.88307204820276
LunarLanderContinuous-v3,neat,1250,471047,196.88307204820276
LunarLanderContinuous-v3,neat,1250,481124,196.88307204820276
LunarLanderContinuous-v3,neat,1250,491318,196.88307204820276
LunarLanderContinuous-v3,neat,1250,500482,196.88307204820276
LunarLanderContinuous-v3,ppo,1251,25000,-137.3637929713618
LunarLanderContinuous-v3,ppo,1251,50000,-73.36168526170322
LunarLanderContinuous-v3,ppo,1251,75000,69.860750310795
LunarLanderContinuous-v3,ppo,1251,100000,18.62556098336638
LunarLanderContinuous-v3,ppo,1251,125000,115.4994336810166
LunarLanderContinuous-v3,ppo,1251,150000,110.86809614908486
LunarLanderContinuous-v3,ppo,1251,175000,39.91647152302545
LunarLanderContinuous-v3,ppo,1251,200000,33.05244536110949
LunarLanderContinuous-v3,ppo,1251,225000,73.2462094699772
LunarLanderContinuous-v3,ppo,1251,250000,30.75506507710645
LunarLanderContinuous-v3,ppo,1251,275000,96.76894603373488
LunarLanderContinuous-v3,ppo,1251,300000,140.5779217311304
LunarLanderContinuous-v3,ppo,1251,325000,118.0913610360496
LunarLanderContinuous-v3,ppo,1251,350000,162.8268446025189
LunarLanderContinuous-v3,ppo,1251,375000,150.83766578727347
LunarLanderContinuous-v3,ppo,1251,400000,154.9016719961851
LunarLanderContinuous-v3,ppo,1251,425000,94.33863206638975
LunarLanderContinuous-v3,ppo,1251,450000,88.92551037924468
LunarLanderContinuous-v3,ppo,1251,475000,77.5903706681873
LunarLanderContinuous-v3,ppo,1251,500000,110.00343678629508
LunarLanderContinuous-v3,ppo,1251,501760,83.2959275073172
LunarLanderContinuous-v3,es,1251,26403,-130.69748191554658
LunarLanderContinuous-v3,es,1251,50833,-107.66431712070391
LunarLanderContinuous-v3,es,1251,78554,-75.92092733200721
LunarLanderContinuous-v3,es,1251,103330,-41.081716127250594
LunarLanderContinuous-v3,es,1251,126039,-4.199765532715686
LunarLanderContinuous-v3,es,1251,155876,41.00338879441789
LunarLanderContinuous-v3,es,1251,176288,99.47281553815705
LunarLanderContinuous-v3,es,1251,204404,120.76388983432666
LunarLanderContinuous-v3,es,1251,225635,142.48464466134288
LunarLanderContinuous-v3,es,1251,259608,139.51598276086537
LunarLanderContinuous-v3,es,1251,280900,202.6895422343212
LunarLanderContinuous-v3,es,1251,306779,159.50583502169235
LunarLanderContinuous-v3,es,1251,335252,181.07947872645556
LunarLanderContinuous-v3,es,1251,363135,217.2319747138512
LunarLanderContinuous-v3,es,1251,378323,160.9186462859048
LunarLanderContinuous-v3,es,1251,402177,203.71387692330168
LunarLanderContinuous-v3,es,1251,431739,263.09575307221564
LunarLanderContinuous-v3,es,1251,459559,220.5575003243493
LunarLanderContinuous-v3,es,1251,483204,260.7224627467026
LunarLanderContinuous-v3,es,1251,500083,256.30076057759277
LunarLanderContinuous-v3,es,1251,500083,256.30076057759277
LunarLanderContinuous-v3,cmaes,1251,27002,-121.81142035486621
LunarLanderContinuous-v3,cmaes,1251,50940,-104.42212803796205
LunarLanderContinuous-v3,cmaes,1251,76272,-17.608967901553267
LunarLanderContinuous-v3,cmaes,1251,101952,15.004422668365493
LunarLanderContinuous-v3,cmaes,1251,125367,33.37823021739298
LunarLanderContinuous-v3,cmaes,1251,155985,24.72556457928842
LunarLanderContinuous-v3,cmaes,1251,184077,71.9988515160789
LunarLanderContinuous-v3,cmaes,1251,210199,67.59690705180574
LunarLanderContinuous-v3,cmaes,1251,238711,124.87374885580951
LunarLanderContinuous-v3,cmaes,1251,257705,116.23445409641829
LunarLanderContinuous-v3,cmaes,1251,276563,173.1419363070851
LunarLanderContinuous-v3,cmaes,1251,314311,183.29972926499212
LunarLanderContinuous-v3,cmaes,1251,329935,197.55132212184282
LunarLanderContinuous-v3,cmaes,1251,365240,190.12081802318065
LunarLanderContinuous-v3,cmaes,1251,378238,203.58331436233155
LunarLanderContinuous-v3,cmaes,1251,400058,146.31579144366873
LunarLanderContinuous-v3,cmaes,1251,437231,202.27449721000775
LunarLanderContinuous-v3,cmaes,1251,465328,233.41382545025286
LunarLanderContinuous-v3,cmaes,1251,479784,256.3924198994261
LunarLanderContinuous-v3,cmaes,1251,500528,279.24417545986216
LunarLanderContinuous-v3,cmaes,1251,500528,279.24417545986216
LunarLanderContinuous-v3,neat,1251,5345,-163.17081962262168
LunarLanderContinuous-v3,neat,1251,10004,-119.96682083637664
LunarLanderContinuous-v3,neat,1251,14650,-54.463864357149724
LunarLanderContinuous-v3,neat,1251,19125,-54.463864357149724
LunarLanderContinuous-v3,neat,1251,23862,-54.463864357149724
LunarLanderContinuous-v3,neat,1251,28643,-21.33355286256301
LunarLanderContinuous-v3,neat,1251,33795,-21.33355286256301
LunarLanderContinuous-v3,neat,1251,39929,12.775524046390828
LunarLanderContinuous-v3,neat,1251,45020,12.775524046390828
LunarLanderContinuous-v3,neat,1251,49840,12.775524046390828
LunarLanderContinuous-v3,neat,1251,55341,12.775524046390828
LunarLanderContinuous-v3,neat,1251,61461,12.775524046390828
LunarLanderContinuous-v3,neat,1251,67833,12.775524046390828
LunarLanderContinuous-v3,neat,1251,75685,197.84784339724038
LunarLanderContinuous-v3,neat,1251,83522,202.6108551816641
LunarLanderContinuous-v3,neat,1251,91452,215.43115997944778
LunarLanderContinuous-v3,neat,1251,98860,215.43115997944778
LunarLanderContinuous-v3,neat,1251,106978,215.43115997944778
LunarLanderContinuous-v3,neat,1251,116464,231.80484887942993
LunarLanderContinuous-v3,neat,1251,123523,231.80484887942993
LunarLanderContinuous-v3,neat,1251,131789,235.1623539971892
LunarLanderContinuous-v3,neat,1251,139760,235.1623539971892
LunarLanderContinuous-v3,neat,1251,148152,235.1623539971892
LunarLanderContinuous-v3,neat,1251,155794,235.1623539971892
LunarLanderContinuous-v3,neat,1251,163823,235.1623539971892
LunarLanderContinuous-v3,neat,1251,173390,235.1623539971892
LunarLanderContinuous-v3,neat,1251,181879,235.1623539971892
LunarLanderContinuous-v3,neat,1251,191377,235.1623539971892
LunarLanderContinuous-v3,neat,1251,199510,235.1623539971892
LunarLanderContinuous-v3,neat,1251,208907,235.1623539971892
LunarLanderContinuous-v3,neat,1251,217027,235.1623539971892
LunarLanderContinuous-v3,neat,1251,224227,235.1623539971892
LunarLanderContinuous-v3,neat,1251,232445,235.1623539971892
LunarLanderContinuous-v3,neat,1251,240291,235.1623539971892
LunarLanderContinuous-v3,neat,1251,249379,235.1623539971892
LunarLanderContinuous-v3,neat,1251,258662,235.1623539971892
LunarLanderContinuous-v3,neat,1251,267768,235.1623539971892
LunarLanderContinuous-v3,neat,1251,277070,235.1623539971892
LunarLanderContinuous-v3,neat,1251,285665,235.1623539971892
LunarLanderContinuous-v3,neat,1251,293813,235.1623539971892
LunarLanderContinuous-v3,neat,1251,303722,235.1623539971892
LunarLanderContinuous-v3,neat,1251,312313,235.1623539971892
LunarLanderContinuous-v3,neat,1251,320670,235.1623539971892
LunarLanderContinuous-v3,neat,1251,330236,235.1623539971892
LunarLanderContinuous-v3,neat,1251,340020,238.84291752992982
LunarLanderContinuous-v3,neat,1251,348504,238.84291752992982
LunarLanderContinuous-v3,neat,1251,357208,238.84291752992982
LunarLanderContinuous-v3,neat,1251,367114,238.84291752992982
LunarLanderContinuous-v3,neat,1251,374676,238.84291752992982
LunarLanderContinuous-v3,neat,1251,384473,238.89774058724245
LunarLanderContinuous-v3,neat,1251,393300,238.89774058724245
LunarLanderContinuous-v3,neat,1251,402909,238.89774058724245
LunarLanderContinuous-v3,neat,1251,411729,238.89774058724245
LunarLanderContinuous-v3,neat,1251,421070,238.89774058724245
LunarLanderContinuous-v3,neat,1251,430948,238.89774058724245
LunarLanderContinuous-v3,neat,1251,439784,239.8320805440432
LunarLanderContinuous-v3,neat,1251,448973,239.8320805440432
LunarLanderContinuous-v3,neat,1251,458570,239.8320805440432
LunarLanderContinuous-v3,neat,1251,468213,239.8320805440432
LunarLanderContinuous-v3,neat,1251,477711,239.8320805440432
LunarLanderContinuous-v3,neat,1251,487918,239.8320805440432
LunarLanderContinuous-v3,neat,1251,497900,243.2565909303005
LunarLanderContinuous-v3,neat,1251,508123,243.2565909303005
LunarLanderContinuous-v3,ppo,1252,25000,-97.20340987376508
LunarLanderContinuous-v3,ppo,1252,50000,108.69777534279744
LunarLanderContinuous-v3,ppo,1252,75000,44.323354030704955
LunarLanderContinuous-v3,ppo,1252,100000,115.27716839756094
LunarLanderContinuous-v3,ppo,1252,125000,58.187678057068055
LunarLanderContinuous-v3,ppo,1252,150000,143.938904549126
LunarLanderContinuous-v3,ppo,1252,175000,145.19978403838388
LunarLanderContinuous-v3,ppo,1252,200000,85.44912306487682
LunarLanderContinuous-v3,ppo,1252,225000,84.00007830710736
LunarLanderContinuous-v3,ppo,1252,250000,149.646108297267
LunarLanderContinuous-v3,ppo,1252,275000,131.7489414364107
LunarLanderContinuous-v3,ppo,1252,300000,160.82011905857985
LunarLanderContinuous-v3,ppo,1252,325000,113.28549436366481
LunarLanderContinuous-v3,ppo,1252,350000,173.52874387200043
LunarLanderContinuous-v3,ppo,1252,375000,162.58211432937793
LunarLanderContinuous-v3,ppo,1252,400000,173.33966142260024
LunarLanderContinuous-v3,ppo,1252,425000,188.2754948192907
LunarLanderContinuous-v3,ppo,1252,450000,173.06305211982107
LunarLanderContinuous-v3,ppo,1252,475000,149.69424424411847
LunarLanderContinuous-v3,ppo,1252,500000,178.76197745236598
LunarLanderContinuous-v3,ppo,1252,501760,175.01723380684948
LunarLanderContinuous-v3,es,1252,27609,-138.65136930919155
LunarLanderContinuous-v3,es,1252,51417,-136.0577874724566
LunarLanderContinuous-v3,es,1252,75266,-135.28552082338382
LunarLanderContinuous-v3,es,1252,101891,-97.85519661113184
LunarLanderContinuous-v3,es,1252,128486,-56.12669580824424
LunarLanderContinuous-v3,es,1252,150390,-47.240450149576525
LunarLanderContinuous-v3,es,1252,177006,-19.47685078872305
LunarLanderContinuous-v3,es,1252,203342,88.50617291146015
LunarLanderContinuous-v3,es,1252,230096,73.93593500044177
LunarLanderContinuous-v3,es,1252,255356,87.98695465173948
LunarLanderContinuous-v3,es,1252,276112,167.404793253956
LunarLanderContinuous-v3,es,1252,305376,221.3945621102037
LunarLanderContinuous-v3,es,1252,333534,156.99046539647432
LunarLanderContinuous-v3,es,1252,365391,249.48120787951115
LunarLanderContinuous-v3,es,1252,379403,267.61272735492014
LunarLanderContinuous-v3,es,1252,409781,263.1796917764338
LunarLanderContinuous-v3,es,1252,425135,259.94049766595816
LunarLanderContinuous-v3,es,1252,457151,245.7067211444391
LunarLanderContinuous-v3,es,1252,486409,242.59884910833938
LunarLanderContinuous-v3,es,1252,500134,261.999739913441
LunarLanderContinuous-v3,es,1252,500134,261.999739913441
LunarLanderContinuous-v3,cmaes,1252,25232,-141.24836317314092
LunarLanderContinuous-v3,cmaes,1252,52730,-153.67310368827302
LunarLanderContinuous-v3,cmaes,1252,77115,-117.00808941083183
LunarLanderContinuous-v3,cmaes,1252,102825,-61.55152983783628
LunarLanderContinuous-v3,cmaes,1252,126642,-7.212977179051339
LunarLanderContinuous-v3,cmaes,1252,150928,120.68718732713532
LunarLanderContinuous-v3,cmaes,1252,175921,78.26040994577707
LunarLanderContinuous-v3,cmaes,1252,206716,154.49729475385024
LunarLanderContinuous-v3,cmaes,1252,230870,205.53141072236673
LunarLanderContinuous-v3,cmaes,1252,252780,225.02978550718709
LunarLanderContinuous-v3,cmaes,1252,282448,230.41323840460365
LunarLanderContinuous-v3,cmaes,1252,306596,194.7043509766323
LunarLanderContinuous-v3,cmaes,1252,331841,161.31724710256628
LunarLanderContinuous-v3,cmaes,1252,354717,262.0352898245485
LunarLanderContinuous-v3,cmaes,1252,382972,246.8467421425246
LunarLanderContinuous-v3,cmaes,1252,413719,267.95449956621417
LunarLanderContinuous-v3,cmaes,1252,427324,207.54593529574518
LunarLanderContinuous-v3,cmaes,1252,460354,204.44914958996532
LunarLanderContinuous-v3,cmaes,1252,484485,224.81685458404803
LunarLanderContinuous-v3,cmaes,1252,500089,189.38841514615748
LunarLanderContinuous-v3,cmaes,1252,500089,189.38841514615748
LunarLanderContinuous-v3,neat,1252,4840,-101.99786688591261
LunarLanderContinuous-v3,neat,1252,9290,-21.29883959387314
LunarLanderContinuous-v3,neat,1252,13592,-21.29883959387314
LunarLanderContinuous-v3,neat,1252,17930,15.425272030137293
LunarLanderContinuous-v3,neat,1252,22910,15.425272030137293
LunarLanderContinuous-v3,neat,1252,28484,15.425272030137293
LunarLanderContinuous-v3,neat,1252,34142,20.223396948890567
LunarLanderContinuous-v3,neat,1252,39530,165.55166793116973
LunarLanderContinuous-v3,neat,1252,46485,165.55166793116973
LunarLanderContinuous-v3,neat,1252,56094,165.55166793116973
LunarLanderContinuous-v3,neat,1252,62796,165.55166793116973
LunarLanderContinuous-v3,neat,1252,70970,165.55166793116973
LunarLanderContinuous-v3,neat,1252,76823,165.55166793116973
LunarLanderContinuous-v3,neat,1252,84121,197.010529618916
LunarLanderContinuous-v3,neat,1252,92319,197.010529618916
LunarLanderContinuous-v3,neat,1252,102597,223.96845257781303
LunarLanderContinuous-v3,neat,1252,119320,223.96845257781303
LunarLanderContinuous-v3,neat,1252,136029,223.96845257781303
LunarLanderContinuous-v3,neat,1252,149925,223.96845257781303
LunarLanderContinuous-v3,neat,1252,170395,240.47998740679913
LunarLanderContinuous-v3,neat,1252,193977,240.47998740679913
LunarLanderContinuous-v3,neat,1252,210152,240.47998740679913
LunarLanderContinuous-v3,neat,1252,229870,240.47998740679913
LunarLanderContinuous-v3,neat,1252,242073,240.47998740679913
LunarLanderContinuous-v3,neat,1252,256525,240.47998740679913
LunarLanderContinuous-v3,neat,1252,273997,240.47998740679913
LunarLanderContinuous-v3,neat,1252,295159,240.47998740679913
LunarLanderContinuous-v3,neat,1252,318977,240.47998740679913
LunarLanderContinuous-v3,neat,1252,335042,249.5715966748941
LunarLanderContinuous-v3,neat,1252,352153,249.57606083716115
LunarLanderContinuous-v3,neat,1252,372031,249.57606083716115
LunarLanderContinuous-v3,neat,1252,396404,249.57606083716115
LunarLanderContinuous-v3,neat,1252,417260,249.57606083716115
LunarLanderContinuous-v3,neat,1252,437443,249.57606083716115
LunarLanderContinuous-v3,neat,1252,457416,249.57606083716115
LunarLanderContinuous-v3,neat,1252,480166,249.57606083716115
LunarLanderContinuous-v3,neat,1252,498751,249.57606083716115
LunarLanderContinuous-v3,neat,1252,519514,249.57606083716115
LunarLanderContinuous-v3,ppo,1253,25000,-158.53811141850525
LunarLanderContinuous-v3,ppo,1253,50000,-64.52021496192367
LunarLanderContinuous-v3,ppo,1253,75000,-8.841738454248178
LunarLanderContinuous-v3,ppo,1253,100000,103.32150645084046
LunarLanderContinuous-v3,ppo,1253,125000,141.9288734859037
LunarLanderContinuous-v3,ppo,1253,150000,124.3611682514645
LunarLanderContinuous-v3,ppo,1253,175000,72.44080594562371
LunarLanderContinuous-v3,ppo,1253,200000,144.3638252464203
LunarLanderContinuous-v3,ppo,1253,225000,149.79628029615458
LunarLanderContinuous-v3,ppo,1253,250000,143.3348504864924
LunarLanderContinuous-v3,ppo,1253,275000,151.06946485880505
LunarLanderContinuous-v3,ppo,1253,300000,142.3334732403877
LunarLanderContinuous-v3,ppo,1253,325000,169.43497589697245
LunarLanderContinuous-v3,ppo,1253,350000,120.68855731813873
LunarLanderContinuous-v3,ppo,1253,375000,131.85391167183545
LunarLanderContinuous-v3,ppo,1253,400000,153.8322457329724
LunarLanderContinuous-v3,ppo,1253,425000,139.52961641682523
LunarLanderContinuous-v3,ppo,1253,450000,129.38565559229716
LunarLanderContinuous-v3,ppo,1253,475000,120.39383917039984
LunarLanderContinuous-v3,ppo,1253,500000,139.51252587006226
LunarLanderContinuous-v3,ppo,1253,501760,136.41325957500396
LunarLanderContinuous-v3,es,1253,25409,-147.83567305033176
LunarLanderContinuous-v3,es,1253,50361,-147.70983833136756
LunarLanderContinuous-v3,es,1253,77238,-79.50727013082367
LunarLanderContinuous-v3,es,1253,102305,-71.63649726876827
LunarLanderContinuous-v3,es,1253,126801,-33.09276263674875
LunarLanderContinuous-v3,es,1253,155826,-26.673635508766846
LunarLanderContinuous-v3,es,1253,177613,-14.07015264825822
LunarLanderContinuous-v3,es,1253,201129,4.719665533271522
LunarLanderContinuous-v3,es,1253,230649,39.86556465697746
LunarLanderContinuous-v3,es,1253,251468,4.428453918388757
LunarLanderContinuous-v3,es,1253,279956,51.1000162688674
LunarLanderContinuous-v3,es,1253,306250,74.25146008894089
LunarLanderContinuous-v3,es,1253,325595,68.85541726079263
LunarLanderContinuous-v3,es,1253,351204,107.26358846980327
LunarLanderContinuous-v3,es,1253,386294,139.3601103748738
LunarLanderContinuous-v3,es,1253,412461,212.39610260797627
LunarLanderContinuous-v3,es,1253,438685,216.9599991694723
LunarLanderContinuous-v3,es,1253,450763,254.25367882861192
LunarLanderContinuous-v3,es,1253,479133,214.8971749708699
LunarLanderContinuous-v3,es,1253,500489,226.61598254915015
LunarLanderContinuous-v3,es,1253,500489,226.61598254915015
LunarLanderContinuous-v3,cmaes,1253,25755,-130.54370246627545
LunarLanderContinuous-v3,cmaes,1253,51928,-142.9853018767446
LunarLanderContinuous-v3,cmaes,1253,76194,-98.58700568413991
LunarLanderContinuous-v3,cmaes,1253,101775,-69.53423023839845
LunarLanderContinuous-v3,cmaes,1253,125269,-37.0271346696873
LunarLanderContinuous-v3,cmaes,1253,156961,-32.72224327814193
LunarLanderContinuous-v3,cmaes,1253,181924,-11.397530175430898
LunarLanderContinuous-v3,cmaes,1253,207559,-51.34841275639394
LunarLanderContinuous-v3,cmaes,1253,230487,0.8397478802593934
LunarLanderContinuous-v3,cmaes,1253,252601,20.93647550278264
LunarLanderContinuous-v3,cmaes,1253,277173,19.665501610182524
LunarLanderContinuous-v3,cmaes,1253,301091,22.21166029307553
LunarLanderContinuous-v3,cmaes,1253,335085,29.243864755535604
LunarLanderContinuous-v3,cmaes,1253,360745,99.10127366390124
LunarLanderContinuous-v3,cmaes,1253,386679,171.71580465168222
LunarLanderContinuous-v3,cmaes,1253,400332,157.70818525697456
LunarLanderContinuous-v3,cmaes,1253,432135,187.94950878087542
LunarLanderContinuous-v3,cmaes,1253,460817,255.02572313940246
LunarLanderContinuous-v3,cmaes,1253,477974,260.56793374510914
LunarLanderContinuous-v3,cmaes,1253,500443,236.01439062237233
LunarLanderContinuous-v3,cmaes,1253,500443,236.01439062237233
LunarLanderContinuous-v3,neat,1253,5249,1.7260341392714196
LunarLanderContinuous-v3,neat,1253,10790,11.335692213701734
LunarLanderContinuous-v3,neat,1253,16035,11.335692213701734
LunarLanderContinuous-v3,neat,1253,21279,11.335692213701734
LunarLanderContinuous-v3,neat,1253,26816,11.335692213701734
LunarLanderContinuous-v3,neat,1253,33391,17.03772141360524
LunarLanderContinuous-v3,neat,1253,39226,17.03772141360524
LunarLanderContinuous-v3,neat,1253,47131,257.3711048321556
LunarLanderContinuous-v3,neat,1253,55655,271.3734503991949
LunarLanderContinuous-v3,neat,1253,63869,271.3734503991949
LunarLanderContinuous-v3,neat,1253,73155,271.3734503991949
LunarLanderContinuous-v3,neat,1253,83882,271.3734503991949
LunarLanderContinuous-v3,neat,1253,92249,271.3734503991949
LunarLanderContinuous-v3,neat,1253,103404,271.3734503991949
LunarLanderContinuous-v3,neat,1253,115061,271.3734503991949
LunarLanderContinuous-v3,neat,1253,124905,273.70375247195284
LunarLanderContinuous-v3,neat,1253,135586,273.70375247195284
LunarLanderContinuous-v3,neat,1253,145260,273.70375247195284
LunarLanderContinuous-v3,neat,1253,156310,273.70375247195284
LunarLanderContinuous-v3,neat,1253,166199,273.70375247195284
LunarLanderContinuous-v3,neat,1253,173904,273.70375247195284
LunarLanderContinuous-v3,neat,1253,182860,273.70375247195284
LunarLanderContinuous-v3,neat,1253,193266,273.70375247195284
LunarLanderContinuous-v3,neat,1253,204501,273.70375247195284
LunarLanderContinuous-v3,neat,1253,215467,273.70375247195284
LunarLanderContinuous-v3,neat,1253,224272,273.70375247195284
LunarLanderContinuous-v3,neat,1253,230732,273.70375247195284
LunarLanderContinuous-v3,neat,1253,237369,273.70375247195284
LunarLanderContinuous-v3,neat,1253,244177,273.70375247195284
LunarLanderContinuous-v3,neat,1253,253466,280.1285607064231
LunarLanderContinuous-v3,neat,1253,263785,280.1285607064231
LunarLanderContinuous-v3,neat,1253,275053,280.1285607064231
LunarLanderContinuous-v3,neat,1253,285898,280.1285607064231
LunarLanderContinuous-v3,neat,1253,297295,280.1285607064231
LunarLanderContinuous-v3,neat,1253,308498,280.1285607064231
LunarLanderContinuous-v3,neat,1253,320354,280.1285607064231
LunarLanderContinuous-v3,neat,1253,330758,280.1285607064231
LunarLanderContinuous-v3,neat,1253,341988,280.1285607064231
LunarLanderContinuous-v3,neat,1253,353587,280.1285607064231
LunarLanderContinuous-v3,neat,1253,368347,280.1285607064231
LunarLanderContinuous-v3,neat,1253,385987,280.1285607064231
LunarLanderContinuous-v3,neat,1253,404188,280.1285607064231
LunarLanderContinuous-v3,neat,1253,419911,280.1285607064231
LunarLanderContinuous-v3,neat,1253,437136,280.1285607064231
LunarLanderContinuous-v3,neat,1253,454592,280.1285607064231
LunarLanderContinuous-v3,neat,1253,473071,289.0685494467214
LunarLanderContinuous-v3,neat,1253,490363,289.0685494467214
LunarLanderContinuous-v3,neat,1253,505436,289.0685494467214
